AccountID,AccountNumber,CustomerID,AccountType,AccountStatus,CreatedDate,ClosedDate,Balance,Currency,Description,CreatedBy
d81f0fe6-b87b-4ae7-8157-3947af8aac7b,ACC-Camping-1000,CID-001,Receivable,Active,2025-01-01,,0.0,USD,Customer receivable account (Camping),SampleGen
64bf7353-2686-4a86-ab4b-6c3f05d09794,ACC-Camping-1001,CID-002,Receivable,Active,2025-01-01,,0.0,USD,Customer receivable account (Camping),SampleGen
c20a05c4-9534-4221-8df0-858cbc0121a8,ACC-Camping-1002,CID-003,Receivable,Active,2025-01-01,,0.0,USD,Customer receivable account (Camping),SampleGen
79983edd-175f-44f4-8d90-67ae7e6fe9a7,ACC-Camping-1003,CID-004,Receivable,Active,2025-01-01,,0.0,USD,Customer receivable account (Camping),SampleGen
620a5dee-9fb8-40ee-a064-4236f3d29535,ACC-Camping-1004,CID-005,Receivable,Active,2025-01-01,,0.0,USD,Customer receivable account (Camping),SampleGen
9e1fe8d8-d3da-40ac-aa06-49637f45cf4a,ACC-Camping-1005,CID-006,Receivable,Active,2025-01-01,,0.0,USD,Customer receivable account (Camping),SampleGen
76fec6ab-89d1-472c-82e2-ea0e4ed53f78,ACC-Camping-1006,CID-007,Receivable,Active,2025-01-01,,0.0,USD,Customer receivable account (Camping),SampleGen
8468ecbc-0a51-46bf-b9d9-c5e0e02ca9d5,ACC-Camping-1007,CID-008,Receivable,Active,2025-01-01,,0.0,USD,Customer receivable account (Camping),SampleGen
934c1f73-5ad8-4aaa-b2d8-bee5f0234a58,ACC-Camping-1008,CID-009,Receivable,Active,2025-01-01,,0.0,USD,Customer receivable account (Camping),SampleGen
39e6fc22-32b0-4e35-97c7-03f68c13dceb,ACC-Camping-1009,CID-010,Receivable,Active,2025-01-01,,0.0,USD,Customer receivable account (Camping),SampleGen
37baf1da-dd2c-41d1-a7b0-05e640c44bda,ACC-Camping-1010,CID-011,Receivable,Active,2025-01-01,,0.0,USD,Customer receivable account (Camping),SampleGen
f3a57e03-c65b-4e75-a457-90466ba31f8a,ACC-Camping-1011,CID-012,Receivable,Active,2025-01-01,,0.0,USD,Customer receivable account (Camping),SampleGen
d720973f-fe41-44a3-9af5-97aae78f4f0a,ACC-Camping-1012,CID-013,Receivable,Active,2025-01-01,,0.0,USD,Customer receivable account (Camping),SampleGen
f3e4d9a5-a78f-4058-984e-316438a29e32,ACC-Camping-1013,CID-014,Receivable,Active,2025-01-01,,0.0,USD,Customer receivable account (Camping),SampleGen
23666054-17c3-4188-b46b-69dee569b438,ACC-Camping-1014,CID-015,Receivable,Active,2025-01-01,,0.0,USD,Customer receivable account (Camping),SampleGen
644bb9f8-ec47-4518-9c83-d3caa2e1ddca,ACC-Camping-1015,CID-016,Receivable,Active,2025-01-01,,0.0,USD,Customer receivable account (Camping),SampleGen
51c88263-ee2e-4a90-8d9a-c167e9d466cd,ACC-Camping-1016,CID-017,Receivable,Active,2025-01-01,,0.0,USD,Customer receivable account (Camping),SampleGen
a0931545-9204-4e34-a92b-abc527726021,ACC-Camping-1017,CID-018,Receivable,Active,2025-01-01,,0.0,USD,Customer receivable account (Camping),SampleGen
ecd101e5-4d42-4cef-bf61-b9bd1d07201f,ACC-Camping-1018,CID-019,Receivable,Active,2025-01-01,,0.0,USD,Customer receivable account (Camping),SampleGen
21be92bf-690f-4573-be14-7e149918c4d3,ACC-Camping-1019,CID-020,Receivable,Active,2025-01-01,,0.0,USD,Customer receivable account (Camping),SampleGen
7d932de3-55b8-43e7-a216-69ff42b69fc1,ACC-Camping-1020,CID-021,Receivable,Active,2025-01-01,,0.0,USD,Customer receivable account (Camping),SampleGen
b5911dd8-fe0c-4d73-b443-0806c321e0b1,ACC-Camping-1021,CID-022,Receivable,Active,2025-01-01,,0.0,USD,Customer receivable account (Camping),SampleGen
2bc091d1-2306-4e86-ab57-83a42c3c5b74,ACC-Camping-1022,CID-023,Receivable,Active,2025-01-01,,0.0,USD,Customer receivable account (Camping),SampleGen
eff470f0-1bd6-4d75-a4f1-72d86a98988a,ACC-Camping-1023,CID-024,Receivable,Active,2025-01-01,,0.0,USD,Customer receivable account (Camping),SampleGen
6a419d39-a0ce-410f-a9b4-5e818a46360a,ACC-Camping-1024,CID-025,Receivable,Active,2025-01-01,,0.0,USD,Customer receivable account (Camping),SampleGen
f5bc1a31-1647-4028-92e8-14e267dce641,ACC-Camping-1025,CID-026,Receivable,Active,2025-01-01,,0.0,USD,Customer receivable account (Camping),SampleGen
da1ec5e2-0056-40d3-be8d-204ae84fd1e9,ACC-Camping-1026,CID-027,Receivable,Active,2025-01-01,,0.0,USD,Customer receivable account (Camping),SampleGen
6702aa17-9d57-40db-bc26-61a10b647286,ACC-Camping-1027,CID-028,Receivable,Active,2025-01-01,,0.0,USD,Customer receivable account (Camping),SampleGen
da0051cf-cffc-41dd-8e8e-755a35c4f5ed,ACC-Camping-1028,CID-029,Receivable,Active,2025-01-01,,0.0,USD,Customer receivable account (Camping),SampleGen
5a4f61bf-a8a8-472f-b13e-c06ab9f479e2,ACC-Camping-1029,CID-030,Receivable,Active,2025-01-01,,0.0,USD,Customer receivable account (Camping),SampleGen
153eb041-8b91-4579-9a9b-3b2837d48e68,ACC-Camping-1030,CID-031,Receivable,Active,2025-01-01,,0.0,USD,Customer receivable account (Camping),SampleGen
84a4e08c-cd16-4e39-8459-bceb88d46210,ACC-Camping-1031,CID-032,Receivable,Active,2025-01-01,,0.0,USD,Customer receivable account (Camping),SampleGen
bafa5cc8-d40f-4de8-8c0c-ecbf5c97e619,ACC-Camping-1032,CID-033,Receivable,Active,2025-01-01,,0.0,USD,Customer receivable account (Camping),SampleGen
1b2bbe40-7e79-45ef-8c05-31e2eccb77f0,ACC-Camping-1033,CID-034,Receivable,Active,2025-01-01,,0.0,USD,Customer receivable account (Camping),SampleGen
dd75019e-c371-47a0-a255-91facdb5ac96,ACC-Camping-1034,CID-035,Receivable,Active,2025-01-01,,0.0,USD,Customer receivable account (Camping),SampleGen
4811cc6a-a895-4048-bc1d-215a9e650fcb,ACC-Camping-1035,CID-036,Receivable,Active,2025-01-01,,0.0,USD,Customer receivable account (Camping),SampleGen
5a365350-84f8-40ae-9dcf-926ca113b28a,ACC-Camping-1036,CID-037,Receivable,Active,2025-01-01,,0.0,USD,Customer receivable account (Camping),SampleGen
526a895a-4355-40ff-b97d-f8d135f6e36d,ACC-Camping-1037,CID-038,Receivable,Active,2025-01-01,,0.0,USD,Customer receivable account (Camping),SampleGen
19a2e012-2d5e-4918-af1f-1089e7ca57e5,ACC-Camping-1038,CID-039,Receivable,Active,2025-01-01,,0.0,USD,Customer receivable account (Camping),SampleGen
c042d6c2-faab-4904-bf0f-5f504beaae64,ACC-Camping-1039,CID-040,Receivable,Active,2025-01-01,,0.0,USD,Customer receivable account (Camping),SampleGen
1fd51acd-050a-48ab-8057-a3590dd13d32,ACC-Camping-1040,CID-041,Receivable,Active,2025-01-01,,0.0,USD,Customer receivable account (Camping),SampleGen
b135bd7c-d5a9-4b1b-b657-0a042e4604f3,ACC-Camping-1041,CID-042,Receivable,Active,2025-01-01,,0.0,USD,Customer receivable account (Camping),SampleGen
ca7a7275-4cbd-469e-9c9e-791aa6ba5b9b,ACC-Camping-1042,CID-043,Receivable,Active,2025-01-01,,0.0,USD,Customer receivable account (Camping),SampleGen
f3b74f09-0905-4e5c-9677-6011441c7161,ACC-Camping-1043,CID-044,Receivable,Active,2025-01-01,,0.0,USD,Customer receivable account (Camping),SampleGen
d88c72d6-19e1-4eb4-91b8-111c4598dca2,ACC-Camping-1044,CID-045,Receivable,Active,2025-01-01,,0.0,USD,Customer receivable account (Camping),SampleGen
c47f5606-9253-46a0-8c4b-1c75bd16899c,ACC-Camping-1045,CID-046,Receivable,Active,2025-01-01,,0.0,USD,Customer receivable account (Camping),SampleGen
67c41540-2d55-4aed-866a-7535ca1a56ed,ACC-Camping-1046,CID-047,Receivable,Active,2025-01-01,,0.0,USD,Customer receivable account (Camping),SampleGen
1e17aa36-dc11-407c-b0b8-5af679ee272b,ACC-Camping-1047,CID-048,Receivable,Active,2025-01-01,,0.0,USD,Customer receivable account (Camping),SampleGen
3525d86c-e022-4275-97ff-026574f997bf,ACC-Camping-1048,CID-049,Receivable,Active,2025-01-01,,0.0,USD,Customer receivable account (Camping),SampleGen
8e8bcbed-0d4d-4964-a3a4-88954113a516,ACC-Camping-1049,CID-050,Receivable,Active,2025-01-01,,0.0,USD,Customer receivable account (Camping),SampleGen
ea023eb7-7210-40e1-a7fb-6d6a9300a773,ACC-Camping-1050,CID-051,Receivable,Active,2025-01-01,,0.0,USD,Customer receivable account (Camping),SampleGen
bd4d0b45-e6e6-4696-894f-2b71811ddb1f,ACC-Camping-1051,CID-052,Receivable,Active,2025-01-01,,0.0,USD,Customer receivable account (Camping),SampleGen
b7776b3f-bd3e-408e-8198-188d1c270bda,ACC-Camping-1052,CID-053,Receivable,Active,2025-01-01,,0.0,USD,Customer receivable account (Camping),SampleGen
025f6583-6ee0-4ad5-80f8-26d4eb15ee39,ACC-Camping-1053,CID-054,Receivable,Active,2025-01-01,,0.0,USD,Customer receivable account (Camping),SampleGen
f30df197-3433-4dd5-b7f7-1d1b0b4e5dc4,ACC-Camping-1054,CID-055,Receivable,Active,2025-01-01,,0.0,USD,Customer receivable account (Camping),SampleGen
8d99a121-185c-4081-9102-0ddea03ba4e4,ACC-Camping-1055,CID-056,Receivable,Active,2025-01-01,,0.0,USD,Customer receivable account (Camping),SampleGen
04accd65-6f65-4f75-9453-1e0bd4b87ef8,ACC-Camping-1056,CID-057,Receivable,Active,2025-01-01,,0.0,USD,Customer receivable account (Camping),SampleGen
03232952-b5f0-410d-8b42-2bc7027f5017,ACC-Camping-1057,CID-058,Receivable,Active,2025-01-01,,0.0,USD,Customer receivable account (Camping),SampleGen
e3326ec0-b818-4854-8fc8-f22fc5dca9ee,ACC-Camping-1058,CID-059,Receivable,Active,2025-01-01,,0.0,USD,Customer receivable account (Camping),SampleGen
1d24c2ae-f763-4df7-bdd9-dffa6bc22cf9,ACC-Camping-1059,CID-060,Receivable,Active,2025-01-01,,0.0,USD,Customer receivable account (Camping),SampleGen
ad0edd07-d1cf-43c7-a6b5-e11e9fba1cdf,ACC-Camping-1060,CID-061,Receivable,Active,2025-01-01,,0.0,USD,Customer receivable account (Camping),SampleGen
b9609e56-60f5-4692-ae06-d517feab83a5,ACC-Camping-1061,CID-062,Receivable,Active,2025-01-01,,0.0,USD,Customer receivable account (Camping),SampleGen
c9fd0435-e673-4492-9deb-b53f141c7b6c,ACC-Camping-1062,CID-063,Receivable,Active,2025-01-01,,0.0,USD,Customer receivable account (Camping),SampleGen
c7619e50-29d6-4aac-b5fa-490f3233df39,ACC-Camping-1063,CID-064,Receivable,Active,2025-01-01,,0.0,USD,Customer receivable account (Camping),SampleGen
4c924ebb-fd40-45c4-879b-7fe3e3570aaf,ACC-Camping-1064,CID-065,Receivable,Active,2025-01-01,,0.0,USD,Customer receivable account (Camping),SampleGen
c182e2aa-4cce-4de9-b6af-8ed255660177,ACC-Camping-1065,CID-066,Receivable,Active,2025-01-01,,0.0,USD,Customer receivable account (Camping),SampleGen
c53ef885-c9ab-4915-8ded-e39389830d28,ACC-Camping-1066,CID-067,Receivable,Active,2025-01-01,,0.0,USD,Customer receivable account (Camping),SampleGen
9ee745d7-b70d-4363-bbb7-e8d0b6419e45,ACC-Camping-1067,CID-068,Receivable,Active,2025-01-01,,0.0,USD,Customer receivable account (Camping),SampleGen
e1c43967-6d69-458a-946c-4b31615efab8,ACC-Camping-1068,CID-069,Receivable,Active,2025-01-01,,0.0,USD,Customer receivable account (Camping),SampleGen
4486b933-d4bb-43cf-9ed4-6fd1879e6bd7,ACC-Camping-1069,CID-070,Receivable,Active,2025-01-01,,0.0,USD,Customer receivable account (Camping),SampleGen
dc6eec59-84bb-4a5a-bd65-396bf01d6a79,ACC-Camping-1070,CID-071,Receivable,Active,2025-01-01,,0.0,USD,Customer receivable account (Camping),SampleGen
f18e62d7-5fd6-4429-98f6-062f8087051a,ACC-Camping-1071,CID-072,Receivable,Active,2025-01-01,,0.0,USD,Customer receivable account (Camping),SampleGen
282a265d-33f9-4549-813c-3ce8756cb9c5,ACC-Camping-1072,CID-073,Receivable,Active,2025-01-01,,0.0,USD,Customer receivable account (Camping),SampleGen
48514b63-fa43-4626-b4a5-b9ed04ff28c2,ACC-Camping-1073,CID-074,Receivable,Active,2025-01-01,,0.0,USD,Customer receivable account (Camping),SampleGen
85ff9546-af6c-4126-8019-84424ac3c4a3,ACC-Camping-1074,CID-075,Receivable,Active,2025-01-01,,0.0,USD,Customer receivable account (Camping),SampleGen
a67c0a68-1350-484c-afa1-abfbe0fa5b73,ACC-Camping-1075,CID-076,Receivable,Active,2025-01-01,,0.0,USD,Customer receivable account (Camping),SampleGen
2e41405c-04e6-4ea7-9979-c22f935b5b8c,ACC-Camping-1076,CID-077,Receivable,Active,2025-01-01,,0.0,USD,Customer receivable account (Camping),SampleGen
76b151eb-2f60-4fd8-b458-45433a3a5586,ACC-Camping-1077,CID-078,Receivable,Active,2025-01-01,,0.0,USD,Customer receivable account (Camping),SampleGen
4fa00cb1-95fd-4f25-813b-7de524d8fa44,ACC-Camping-1078,CID-079,Receivable,Active,2025-01-01,,0.0,USD,Customer receivable account (Camping),SampleGen
a3bf2a73-60f9-40c5-8da4-4c47aab679b7,ACC-Camping-1079,CID-080,Receivable,Active,2025-01-01,,0.0,USD,Customer receivable account (Camping),SampleGen
3acb9e35-a1c0-4be7-8d79-b18e2eb5e3ec,ACC-Camping-1080,CID-081,Receivable,Active,2025-01-01,,0.0,USD,Customer receivable account (Camping),SampleGen
1d6dc13c-b28e-4e00-a12d-530435c86610,ACC-Camping-1081,CID-082,Receivable,Active,2025-01-01,,0.0,USD,Customer receivable account (Camping),SampleGen
78fd369c-b167-4b2b-b840-12bf8059203f,ACC-Camping-1082,CID-083,Receivable,Active,2025-01-01,,0.0,USD,Customer receivable account (Camping),SampleGen
e0efe9cf-58a2-40e3-b610-e219c4e5331f,ACC-Camping-1083,CID-084,Receivable,Active,2025-01-01,,0.0,USD,Customer receivable account (Camping),SampleGen
a69bd47f-7233-4b89-9b70-5a1433dc0e2d,ACC-Camping-1084,CID-085,Receivable,Active,2025-01-01,,0.0,USD,Customer receivable account (Camping),SampleGen
c6e2de2b-1446-4c9f-a5f9-1f6ebbebc37d,ACC-Camping-1085,CID-086,Receivable,Active,2025-01-01,,0.0,USD,Customer receivable account (Camping),SampleGen
0370f8f9-8da1-4c82-b832-3264af004f70,ACC-Camping-1086,CID-087,Receivable,Active,2025-01-01,,0.0,USD,Customer receivable account (Camping),SampleGen
df38166c-2c5d-4c2e-839c-8f7ddc4b224c,ACC-Camping-1087,CID-088,Receivable,Active,2025-01-01,,0.0,USD,Customer receivable account (Camping),SampleGen
6573ac3a-5f0d-47bc-945e-355758c57151,ACC-Camping-1088,CID-089,Receivable,Active,2025-01-01,,0.0,USD,Customer receivable account (Camping),SampleGen
d0beb1e1-97c0-4042-9401-62aa333d722b,ACC-Camping-1089,CID-090,Receivable,Active,2025-01-01,,0.0,USD,Customer receivable account (Camping),SampleGen
ba0e2fe9-20fb-4a54-b926-b3aad3167f00,ACC-Camping-1090,CID-091,Receivable,Active,2025-01-01,,0.0,USD,Customer receivable account (Camping),SampleGen
3ba93819-9771-4001-80bf-c402825d03a1,ACC-Camping-1091,CID-092,Receivable,Active,2025-01-01,,0.0,USD,Customer receivable account (Camping),SampleGen
52d04c1e-3de7-478f-834f-86a94ca20a08,ACC-Camping-1092,CID-093,Receivable,Active,2025-01-01,,0.0,USD,Customer receivable account (Camping),SampleGen
585b2061-4301-485b-a5a3-03a1099d31bd,ACC-Camping-1093,CID-094,Receivable,Active,2025-01-01,,0.0,USD,Customer receivable account (Camping),SampleGen
a69425b4-8449-472d-86ca-291bfb058f2f,ACC-Camping-1094,CID-095,Receivable,Active,2025-01-01,,0.0,USD,Customer receivable account (Camping),SampleGen
46676878-aae0-4622-b922-d1235ad92de4,ACC-Camping-1095,CID-096,Receivable,Active,2025-01-01,,0.0,USD,Customer receivable account (Camping),SampleGen
66ad28a9-d6f2-4004-b3dd-8ae11157f3b5,ACC-Camping-1096,CID-097,Receivable,Active,2025-01-01,,0.0,USD,Customer receivable account (Camping),SampleGen
ed3ed721-5bf6-47ad-9186-fe03fbe68f8e,ACC-Camping-1097,CID-098,Receivable,Active,2025-01-01,,0.0,USD,Customer receivable account (Camping),SampleGen
2c2aec16-385d-4ab4-a6b7-1f16ddb6aa5c,ACC-Camping-1098,CID-099,Receivable,Active,2025-01-01,,0.0,USD,Customer receivable account (Camping),SampleGen
a81a0e4a-43e4-4837-9ac1-c29bcb800b8b,ACC-Camping-1099,CID-100,Receivable,Active,2025-01-01,,0.0,USD,Customer receivable account (Camping),SampleGen
36d76a06-b7aa-4854-91dc-30c8001bb9df,ACC-Camping-1100,CID-101,Receivable,Active,2025-01-01,,0.0,USD,Customer receivable account (Camping),SampleGen
302f3d55-155d-43b2-921d-79b4d6058439,ACC-Camping-1101,CID-102,Receivable,Active,2025-01-01,,0.0,USD,Customer receivable account (Camping),SampleGen
cd890929-faf2-45b1-80ae-59c2abe44561,ACC-Camping-1102,CID-103,Receivable,Active,2025-01-01,,0.0,USD,Customer receivable account (Camping),SampleGen
2cf04073-ac91-4750-8ae3-67899d3659eb,ACC-Camping-1103,CID-104,Receivable,Active,2025-01-01,,0.0,USD,Customer receivable account (Camping),SampleGen
c58dedda-71a0-4458-87d6-74e5b63f8661,ACC-Camping-1104,CID-105,Receivable,Active,2025-01-01,,0.0,USD,Customer receivable account (Camping),SampleGen
7b09e079-f93c-41b0-8216-8a3a4f0167d7,ACC-Camping-1105,CID-106,Receivable,Active,2025-01-01,,0.0,USD,Customer receivable account (Camping),SampleGen
bae24cef-ec07-41f9-9da6-a926572be065,ACC-Camping-1106,CID-107,Receivable,Active,2025-01-01,,0.0,USD,Customer receivable account (Camping),SampleGen
15eeb3ff-8e4f-452f-a19e-525c36965d6c,ACC-Camping-1107,CID-108,Receivable,Active,2025-01-01,,0.0,USD,Customer receivable account (Camping),SampleGen
6d084ffe-eb52-4315-92ae-4236b8029343,ACC-Camping-1108,CID-109,Receivable,Active,2025-01-01,,0.0,USD,Customer receivable account (Camping),SampleGen
8786a6c1-7183-462d-b486-921a1d4cda01,ACC-Camping-1109,CID-110,Receivable,Active,2025-01-01,,0.0,USD,Customer receivable account (Camping),SampleGen
801b6a7d-0b61-4a2b-a759-d825a3a8d002,ACC-Camping-1110,CID-111,Receivable,Active,2025-01-01,,0.0,USD,Customer receivable account (Camping),SampleGen
283c4a0c-f93a-4ae9-b1ab-c369e3cab4d9,ACC-Camping-1111,CID-112,Receivable,Active,2025-01-01,,0.0,USD,Customer receivable account (Camping),SampleGen
8abca109-93b9-4509-be0d-8f25d151dcf8,ACC-Camping-1112,CID-113,Receivable,Active,2025-01-01,,0.0,USD,Customer receivable account (Camping),SampleGen
5f8d0384-cb3c-4cf4-a96b-dd47f1a45ea9,ACC-Camping-1113,CID-114,Receivable,Active,2025-01-01,,0.0,USD,Customer receivable account (Camping),SampleGen
62c54405-f0b1-43f6-b45d-c09d182784f8,ACC-Camping-1114,CID-115,Receivable,Active,2025-01-01,,0.0,USD,Customer receivable account (Camping),SampleGen
d3d781d6-459e-4d55-9108-9529aa7541d9,ACC-Camping-1115,CID-116,Receivable,Active,2025-01-01,,0.0,USD,Customer receivable account (Camping),SampleGen
3cceeb05-96cd-4bd5-a092-8c9955056b28,ACC-Camping-1116,CID-117,Receivable,Active,2025-01-01,,0.0,USD,Customer receivable account (Camping),SampleGen
564c5042-e074-40b8-842d-ec5efbbca65e,ACC-Camping-1117,CID-118,Receivable,Active,2025-01-01,,0.0,USD,Customer receivable account (Camping),SampleGen
6de715e5-a185-4282-ad8d-0cc77f00e8ec,ACC-Camping-1118,CID-119,Receivable,Active,2025-01-01,,0.0,USD,Customer receivable account (Camping),SampleGen
d1e87cb4-5e7f-4cbe-abee-0c8870c936dc,ACC-Camping-1119,CID-120,Receivable,Active,2025-01-01,,0.0,USD,Customer receivable account (Camping),SampleGen
e8d136fc-7b0e-40a6-9dd0-ece423d25911,ACC-Camping-1120,CID-121,Receivable,Active,2025-01-01,,0.0,USD,Customer receivable account (Camping),SampleGen
520cfdc1-521a-430a-86a3-849736eb0c50,ACC-Camping-1121,CID-122,Receivable,Active,2025-01-01,,0.0,USD,Customer receivable account (Camping),SampleGen
66e5750d-5a93-4abe-af5a-9af5f03f104d,ACC-Camping-1122,CID-123,Receivable,Active,2025-01-01,,0.0,USD,Customer receivable account (Camping),SampleGen
354b39e9-559e-4bcc-8ce2-c641bda20fcb,ACC-Camping-1123,CID-124,Receivable,Active,2025-01-01,,0.0,USD,Customer receivable account (Camping),SampleGen
6135ac0b-af5c-4a13-bcb1-abefcaeb525e,ACC-Camping-1124,CID-125,Receivable,Active,2025-01-01,,0.0,USD,Customer receivable account (Camping),SampleGen
4f0dc853-6000-4ee1-ad6e-726b5cfd909e,ACC-Camping-1125,CID-126,Receivable,Active,2025-01-01,,0.0,USD,Customer receivable account (Camping),SampleGen
3a39e25e-200e-4f6b-820a-65c47d4a57da,ACC-Camping-1126,CID-127,Receivable,Active,2025-01-01,,0.0,USD,Customer receivable account (Camping),SampleGen
c0ecb718-58ed-416a-a38b-f97bf04a1e5b,ACC-Camping-1127,CID-128,Receivable,Active,2025-01-01,,0.0,USD,Customer receivable account (Camping),SampleGen
6e107b7c-cd7f-4430-b1a3-89603943d961,ACC-Camping-1128,CID-129,Receivable,Active,2025-01-01,,0.0,USD,Customer receivable account (Camping),SampleGen
fdc6bd2f-c18d-4939-a362-b6767fe3c5cf,ACC-Camping-1129,CID-130,Receivable,Active,2025-01-01,,0.0,USD,Customer receivable account (Camping),SampleGen
27327d88-3a32-4a96-858d-d2d9fbfcc2c3,ACC-Camping-1130,CID-131,Receivable,Active,2025-01-01,,0.0,USD,Customer receivable account (Camping),SampleGen
fec29b02-0c74-4ab5-b5ae-19f2398738a4,ACC-Camping-1131,CID-132,Receivable,Active,2025-01-01,,0.0,USD,Customer receivable account (Camping),SampleGen
dd39f14e-8c51-4b4c-b9db-568f4c9d418c,ACC-Camping-1132,CID-133,Receivable,Active,2025-01-01,,0.0,USD,Customer receivable account (Camping),SampleGen
59c4fa56-51dd-401c-937b-31ef4dc0fcda,ACC-Camping-1133,CID-134,Receivable,Active,2025-01-01,,0.0,USD,Customer receivable account (Camping),SampleGen
d9d4d6f6-a440-426b-8324-b85c9a66d0d7,ACC-Camping-1134,CID-135,Receivable,Active,2025-01-01,,0.0,USD,Customer receivable account (Camping),SampleGen
3e5dbbe0-4b3d-4fbb-a423-92c2a2eab41a,ACC-Camping-1135,CID-136,Receivable,Active,2025-01-01,,0.0,USD,Customer receivable account (Camping),SampleGen
dcb6214f-876e-4b7e-a0e0-eb91bd487648,ACC-Camping-1136,CID-137,Receivable,Active,2025-01-01,,0.0,USD,Customer receivable account (Camping),SampleGen
1f298b45-1ea3-4aba-9b1e-43cfaeef1e26,ACC-Camping-1137,CID-138,Receivable,Active,2025-01-01,,0.0,USD,Customer receivable account (Camping),SampleGen
f5d27d4a-281d-4538-93fa-8741ab7c9056,ACC-Camping-1138,CID-139,Receivable,Active,2025-01-01,,0.0,USD,Customer receivable account (Camping),SampleGen
a1a4c8cd-9bde-4d1b-b4ff-b60f10a336b1,ACC-Camping-1139,CID-140,Receivable,Active,2025-01-01,,0.0,USD,Customer receivable account (Camping),SampleGen
93ba3f0a-db3c-4e68-90e3-293344dda4df,ACC-Camping-1140,CID-141,Receivable,Active,2025-01-01,,0.0,USD,Customer receivable account (Camping),SampleGen
b5a51194-5c28-462d-926e-bb8a49cb0dbe,ACC-Camping-1141,CID-142,Receivable,Active,2025-01-01,,0.0,USD,Customer receivable account (Camping),SampleGen
3db382c5-cf30-4f29-a6db-c6b7531610b6,ACC-Camping-1142,CID-143,Receivable,Active,2025-01-01,,0.0,USD,Customer receivable account (Camping),SampleGen
b4b0caba-394d-47f9-8a66-39b7e49c6b83,ACC-Camping-1143,CID-144,Receivable,Active,2025-01-01,,0.0,USD,Customer receivable account (Camping),SampleGen
e58bfbea-8910-412e-b9a7-23c3d207b732,ACC-Camping-1144,CID-145,Receivable,Active,2025-01-01,,0.0,USD,Customer receivable account (Camping),SampleGen
cd5066b7-d7fe-452f-b85c-e67c40dc89e6,ACC-Camping-1145,CID-146,Receivable,Active,2025-01-01,,0.0,USD,Customer receivable account (Camping),SampleGen
13436f84-4e83-4ecd-8496-aa6d5c470b9a,ACC-Camping-1146,CID-147,Receivable,Active,2025-01-01,,0.0,USD,Customer receivable account (Camping),SampleGen
5597b576-e677-474c-b27d-b13af328e2bb,ACC-Camping-1147,CID-148,Receivable,Active,2025-01-01,,0.0,USD,Customer receivable account (Camping),SampleGen
9ee46eea-42a2-4908-9c61-83714aee4b03,ACC-Camping-1148,CID-149,Receivable,Active,2025-01-01,,0.0,USD,Customer receivable account (Camping),SampleGen
48e5c480-ba6e-4bcd-8693-796292cb5327,ACC-Camping-1149,CID-150,Receivable,Active,2025-01-01,,0.0,USD,Customer receivable account (Camping),SampleGen
e8e5ad1e-131f-4ee7-9589-942c13a3164f,ACC-Camping-1150,CID-151,Receivable,Active,2025-01-01,,0.0,USD,Customer receivable account (Camping),SampleGen
49c99a62-6593-4c7c-af63-9188f6bf78b9,ACC-Camping-1151,CID-152,Receivable,Active,2025-01-01,,0.0,USD,Customer receivable account (Camping),SampleGen
a081a1a7-2394-475c-ab6c-4e0cad333399,ACC-Camping-1152,CID-153,Receivable,Active,2025-01-01,,0.0,USD,Customer receivable account (Camping),SampleGen
8cd4547d-df44-4974-aaf8-9aa776d938e3,ACC-Camping-1153,CID-154,Receivable,Active,2025-01-01,,0.0,USD,Customer receivable account (Camping),SampleGen
2f0c0ca3-52f6-4bf1-a6d1-8fcbdc1c94a7,ACC-Camping-1154,CID-155,Receivable,Active,2025-01-01,,0.0,USD,Customer receivable account (Camping),SampleGen
df9175e0-9e4c-4786-a8bb-7aca5e4f8b93,ACC-Camping-1155,CID-156,Receivable,Active,2025-01-01,,0.0,USD,Customer receivable account (Camping),SampleGen
d6bfc41a-d607-48c5-b11c-b8c53531bafe,ACC-Camping-1156,CID-157,Receivable,Active,2025-01-01,,0.0,USD,Customer receivable account (Camping),SampleGen
e3fb22e0-3ccc-4dd5-992f-0d2d0bacb49f,ACC-Camping-1157,CID-158,Receivable,Active,2025-01-01,,0.0,USD,Customer receivable account (Camping),SampleGen
5da0a4ea-6828-4450-b51e-94c580001454,ACC-Camping-1158,CID-159,Receivable,Active,2025-01-01,,0.0,USD,Customer receivable account (Camping),SampleGen
5805d5ff-a3bd-4c19-bd4c-f3025dacf6eb,ACC-Camping-1159,CID-160,Receivable,Active,2025-01-01,,0.0,USD,Customer receivable account (Camping),SampleGen
c86bbd37-ee16-4e10-83c0-569935610993,ACC-Camping-1160,CID-161,Receivable,Active,2025-01-01,,0.0,USD,Customer receivable account (Camping),SampleGen
b33047cc-7ed8-4f90-ae00-377fcde771f4,ACC-Camping-1161,CID-162,Receivable,Active,2025-01-01,,0.0,USD,Customer receivable account (Camping),SampleGen
5f7683f0-dd8d-4598-a5e7-f1e72c415402,ACC-Camping-1162,CID-163,Receivable,Active,2025-01-01,,0.0,USD,Customer receivable account (Camping),SampleGen
45e3cdf1-e02b-4737-977a-75323be60961,ACC-Camping-1163,CID-164,Receivable,Active,2025-01-01,,0.0,USD,Customer receivable account (Camping),SampleGen
bd5caa96-7305-48ea-8776-ee4354a5e0d6,ACC-Camping-1164,CID-165,Receivable,Active,2025-01-01,,0.0,USD,Customer receivable account (Camping),SampleGen
1f7116be-7727-4f47-b115-f98b2d7a1c40,ACC-Camping-1165,CID-166,Receivable,Active,2025-01-01,,0.0,USD,Customer receivable account (Camping),SampleGen
a69cb804-e8f3-4cf4-9449-98d731e9ba60,ACC-Camping-1166,CID-167,Receivable,Active,2025-01-01,,0.0,USD,Customer receivable account (Camping),SampleGen
ffcbb972-f0d3-4595-9e01-ed0b8c72addf,ACC-Camping-1167,CID-168,Receivable,Active,2025-01-01,,0.0,USD,Customer receivable account (Camping),SampleGen
44274551-1895-4ae7-b62e-5964fe6f79f6,ACC-Camping-1168,CID-169,Receivable,Active,2025-01-01,,0.0,USD,Customer receivable account (Camping),SampleGen
aa5f0e18-5b1d-4565-9dce-89410b803959,ACC-Camping-1169,CID-170,Receivable,Active,2025-01-01,,0.0,USD,Customer receivable account (Camping),SampleGen
eee5038d-924e-4b15-a7be-c34b628cb4f0,ACC-Camping-1170,CID-171,Receivable,Active,2025-01-01,,0.0,USD,Customer receivable account (Camping),SampleGen
a7d65ffd-7bc9-4988-bd51-47c9677972a2,ACC-Camping-1171,CID-172,Receivable,Active,2025-01-01,,0.0,USD,Customer receivable account (Camping),SampleGen
f460c824-b226-4f05-b2c6-2b12b346ae78,ACC-Camping-1172,CID-173,Receivable,Active,2025-01-01,,0.0,USD,Customer receivable account (Camping),SampleGen
827d79d2-b319-41d7-a7be-032241a4e0c1,ACC-Camping-1173,CID-174,Receivable,Active,2025-01-01,,0.0,USD,Customer receivable account (Camping),SampleGen
3f35996c-1831-4ae6-87fc-8010fe2b221b,ACC-Camping-1174,CID-175,Receivable,Active,2025-01-01,,0.0,USD,Customer receivable account (Camping),SampleGen
dcfa659b-0a2c-48bd-b17f-3c73a6758cc7,ACC-Camping-1175,CID-176,Receivable,Active,2025-01-01,,0.0,USD,Customer receivable account (Camping),SampleGen
da49f483-8156-489e-a7c5-cbedc79987a9,ACC-Camping-1176,CID-177,Receivable,Active,2025-01-01,,0.0,USD,Customer receivable account (Camping),SampleGen
a55d4431-46b2-4223-bdfc-2238483cc77d,ACC-Camping-1177,CID-178,Receivable,Active,2025-01-01,,0.0,USD,Customer receivable account (Camping),SampleGen
6944298b-c851-4ccc-a560-fe4be244c544,ACC-Camping-1178,CID-179,Receivable,Active,2025-01-01,,0.0,USD,Customer receivable account (Camping),SampleGen
e8070677-6807-4c04-a7f1-6b394547c59c,ACC-Camping-1179,CID-180,Receivable,Active,2025-01-01,,0.0,USD,Customer receivable account (Camping),SampleGen
70f623b9-08d4-4fa3-a223-fc3f29c8b7d5,ACC-Camping-1180,CID-181,Receivable,Active,2025-01-01,,0.0,USD,Customer receivable account (Camping),SampleGen
5e01facb-f4af-4160-921c-7f4dd070529e,ACC-Camping-1181,CID-182,Receivable,Active,2025-01-01,,0.0,USD,Customer receivable account (Camping),SampleGen
52bb7b83-b7f0-4e6b-856e-06662a9862bc,ACC-Camping-1182,CID-183,Receivable,Active,2025-01-01,,0.0,USD,Customer receivable account (Camping),SampleGen
594fac6f-91f3-4ec4-a4f1-e225f708760c,ACC-Camping-1183,CID-184,Receivable,Active,2025-01-01,,0.0,USD,Customer receivable account (Camping),SampleGen
c82e14d1-2a51-489d-b2c0-b53ee0e259a4,ACC-Camping-1184,CID-185,Receivable,Active,2025-01-01,,0.0,USD,Customer receivable account (Camping),SampleGen
2421b785-a03c-4a10-874c-bd9df15a5be8,ACC-Camping-1185,CID-186,Receivable,Active,2025-01-01,,0.0,USD,Customer receivable account (Camping),SampleGen
cca3f283-6a0a-4756-9f22-4d194783dde0,ACC-Camping-1186,CID-187,Receivable,Active,2025-01-01,,0.0,USD,Customer receivable account (Camping),SampleGen
3a3cfe6a-07ff-4ee9-b0bb-6b4302001188,ACC-Camping-1187,CID-188,Receivable,Active,2025-01-01,,0.0,USD,Customer receivable account (Camping),SampleGen
db206661-4ee0-4263-95b9-18a543b640d8,ACC-Camping-1188,CID-189,Receivable,Active,2025-01-01,,0.0,USD,Customer receivable account (Camping),SampleGen
0877637a-a0a8-4b67-b887-0914b19888c0,ACC-Camping-1189,CID-190,Receivable,Active,2025-01-01,,0.0,USD,Customer receivable account (Camping),SampleGen
b9c51f1c-3d1e-4da3-a784-a30da10e7fc9,ACC-Camping-1190,CID-191,Receivable,Active,2025-01-01,,0.0,USD,Customer receivable account (Camping),SampleGen
4ca05d76-e841-4c7b-905b-9cb0c55c430f,ACC-Camping-1191,CID-192,Receivable,Active,2025-01-01,,0.0,USD,Customer receivable account (Camping),SampleGen
92c99ccc-27cb-43d2-90b5-b417fe805102,ACC-Camping-1192,CID-193,Receivable,Active,2025-01-01,,0.0,USD,Customer receivable account (Camping),SampleGen
0cffedaa-d2e0-49d8-ab08-dcc47b919786,ACC-Camping-1193,CID-194,Receivable,Active,2025-01-01,,0.0,USD,Customer receivable account (Camping),SampleGen
18a84178-bf4b-4176-abc1-c3cf31e246e7,ACC-Camping-1194,CID-195,Receivable,Active,2025-01-01,,0.0,USD,Customer receivable account (Camping),SampleGen
14e02a7a-4841-4061-896f-d0419a7bf928,ACC-Camping-1195,CID-196,Receivable,Active,2025-01-01,,0.0,USD,Customer receivable account (Camping),SampleGen
af700950-c1c5-4a00-9563-25ecebe0faa5,ACC-Camping-1196,CID-197,Receivable,Active,2025-01-01,,0.0,USD,Customer receivable account (Camping),SampleGen
a3e6c313-b6b7-42cb-9dba-062ff8313da1,ACC-Camping-1197,CID-198,Receivable,Active,2025-01-01,,0.0,USD,Customer receivable account (Camping),SampleGen
f9789d06-78c5-4202-8789-9014a4558cf3,ACC-Camping-1198,CID-199,Receivable,Active,2025-01-01,,0.0,USD,Customer receivable account (Camping),SampleGen
7cf810cd-2bfa-49c4-928b-b9c006cb3e35,ACC-Camping-1199,CID-200,Receivable,Active,2025-01-01,,0.0,USD,Customer receivable account (Camping),SampleGen
33e01959-f1b5-4a5c-9a01-29fe23e5c4ab,ACC-Camping-1200,CID-201,Receivable,Active,2025-01-01,,0.0,USD,Customer receivable account (Camping),SampleGen
889f4149-9a6d-4900-b899-84a719cafeaa,ACC-Camping-1201,CID-202,Receivable,Active,2025-01-01,,0.0,USD,Customer receivable account (Camping),SampleGen
50378b7b-7b8e-4ea0-8dea-1a2ca33d8325,ACC-Camping-1202,CID-203,Receivable,Active,2025-01-01,,0.0,USD,Customer receivable account (Camping),SampleGen
95ba2876-b082-433b-9838-7c771796290e,ACC-Camping-1203,CID-204,Receivable,Active,2025-01-01,,0.0,USD,Customer receivable account (Camping),SampleGen
8089f413-a94a-499d-a67c-be999ecf1461,ACC-Camping-1204,CID-205,Receivable,Active,2025-01-01,,0.0,USD,Customer receivable account (Camping),SampleGen
56ec86ba-5689-42e4-ad07-4ee31e1efcc5,ACC-Camping-1205,CID-206,Receivable,Active,2025-01-01,,0.0,USD,Customer receivable account (Camping),SampleGen
021abf91-0e97-4791-9256-dd6c9ec31645,ACC-Camping-1206,CID-207,Receivable,Active,2025-01-01,,0.0,USD,Customer receivable account (Camping),SampleGen
969dc0f4-40ae-4dad-83ec-9f3271e91682,ACC-Camping-1207,CID-208,Receivable,Active,2025-01-01,,0.0,USD,Customer receivable account (Camping),SampleGen
9654479c-283e-4f38-93b3-fa6a8516fcb0,ACC-Camping-1208,CID-209,Receivable,Active,2025-01-01,,0.0,USD,Customer receivable account (Camping),SampleGen
593e5844-e3a6-4be1-a8de-b0ffb99703d9,ACC-Camping-1209,CID-210,Receivable,Active,2025-01-01,,0.0,USD,Customer receivable account (Camping),SampleGen
8a735e84-bd8a-4bd5-a59c-383eb7a880b4,ACC-Camping-1210,CID-211,Receivable,Active,2025-01-01,,0.0,USD,Customer receivable account (Camping),SampleGen
38cac9a7-86e8-4f2f-bd87-5b10919eed4e,ACC-Camping-1211,CID-212,Receivable,Active,2025-01-01,,0.0,USD,Customer receivable account (Camping),SampleGen
8605797d-bcc3-43a7-a53b-6e1480b76b99,ACC-Camping-1212,CID-213,Receivable,Active,2025-01-01,,0.0,USD,Customer receivable account (Camping),SampleGen
98f92c9b-454d-4f96-afef-4f8b251b5d82,ACC-Camping-1213,CID-214,Receivable,Active,2025-01-01,,0.0,USD,Customer receivable account (Camping),SampleGen
9bb3c520-b3db-416c-a1a9-62dd4d835978,ACC-Camping-1214,CID-215,Receivable,Active,2025-01-01,,0.0,USD,Customer receivable account (Camping),SampleGen
3fb49a64-057f-4f39-bfc5-fa8b29b80efb,ACC-Camping-1215,CID-216,Receivable,Active,2025-01-01,,0.0,USD,Customer receivable account (Camping),SampleGen
4aa6f83f-eda5-40b5-b6c9-7bdeb68d1cb6,ACC-Camping-1216,CID-217,Receivable,Active,2025-01-01,,0.0,USD,Customer receivable account (Camping),SampleGen
be2390a9-8038-4cce-95b3-88dea1fe6655,ACC-Camping-1217,CID-218,Receivable,Active,2025-01-01,,0.0,USD,Customer receivable account (Camping),SampleGen
039cbc68-bd40-4d3e-9d1d-e88ffc1069f1,ACC-Camping-1218,CID-219,Receivable,Active,2025-01-01,,0.0,USD,Customer receivable account (Camping),SampleGen
4863dabe-f68f-4eaf-9ccc-6474ad155a62,ACC-Camping-1219,CID-220,Receivable,Active,2025-01-01,,0.0,USD,Customer receivable account (Camping),SampleGen
2eb68bc7-cf37-467f-b608-c9f27e165c22,ACC-Camping-1220,CID-221,Receivable,Active,2025-01-01,,0.0,USD,Customer receivable account (Camping),SampleGen
d427e17d-b70c-4d52-a721-69a5ade61002,ACC-Camping-1221,CID-222,Receivable,Active,2025-01-01,,0.0,USD,Customer receivable account (Camping),SampleGen
fe72636a-efbb-4132-86c2-74cf5d85f168,ACC-Camping-1222,CID-223,Receivable,Active,2025-01-01,,0.0,USD,Customer receivable account (Camping),SampleGen
5d7619f5-70c5-49bf-882d-b9147039e24a,ACC-Camping-1223,CID-224,Receivable,Active,2025-01-01,,0.0,USD,Customer receivable account (Camping),SampleGen
9c6c8381-0f94-4cd7-af50-ee41303b6a88,ACC-Camping-1224,CID-225,Receivable,Active,2025-01-01,,0.0,USD,Customer receivable account (Camping),SampleGen
d0d6dc5b-183d-4675-b785-f61579046bcd,ACC-Camping-1225,CID-226,Receivable,Active,2025-01-01,,0.0,USD,Customer receivable account (Camping),SampleGen
69367384-ba75-482e-bb15-e65e5b0062d7,ACC-Camping-1226,CID-227,Receivable,Active,2025-01-01,,0.0,USD,Customer receivable account (Camping),SampleGen
8fe6a34c-a53c-4263-b189-aebb7c569c3c,ACC-Camping-1227,CID-228,Receivable,Active,2025-01-01,,0.0,USD,Customer receivable account (Camping),SampleGen
2c45d6d5-f702-4f85-b994-2e170bbbf588,ACC-Camping-1228,CID-229,Receivable,Active,2025-01-01,,0.0,USD,Customer receivable account (Camping),SampleGen
0ac141c3-aec0-4c80-8160-cf8edaa5d98f,ACC-Camping-1229,CID-230,Receivable,Active,2025-01-01,,0.0,USD,Customer receivable account (Camping),SampleGen
ff6ccde1-a09f-40f0-a1ed-7ab3ad7eb563,ACC-Camping-1230,CID-231,Receivable,Active,2025-01-01,,0.0,USD,Customer receivable account (Camping),SampleGen
29cd3051-d00e-4e71-a13c-c9f0fc73cbc4,ACC-Camping-1231,CID-232,Receivable,Active,2025-01-01,,0.0,USD,Customer receivable account (Camping),SampleGen
f1ad4389-ae8f-4f21-ba00-cea88bf70d9c,ACC-Camping-1232,CID-233,Receivable,Active,2025-01-01,,0.0,USD,Customer receivable account (Camping),SampleGen
5417fc90-2fa6-4e24-ae16-2ad7c02b7779,ACC-Camping-1233,CID-234,Receivable,Active,2025-01-01,,0.0,USD,Customer receivable account (Camping),SampleGen
99b3339d-584a-422d-879f-2737bb77407c,ACC-Camping-1234,CID-235,Receivable,Active,2025-01-01,,0.0,USD,Customer receivable account (Camping),SampleGen
57608c3f-cd69-4be3-a94c-4d240545fdd2,ACC-Camping-1235,CID-236,Receivable,Active,2025-01-01,,0.0,USD,Customer receivable account (Camping),SampleGen
56427c0f-93ce-4b75-90fe-4ffbba12f7bb,ACC-Camping-1236,CID-237,Receivable,Active,2025-01-01,,0.0,USD,Customer receivable account (Camping),SampleGen
962d1351-2ff1-4238-a677-71e6a1564d15,ACC-Camping-1237,CID-238,Receivable,Active,2025-01-01,,0.0,USD,Customer receivable account (Camping),SampleGen
223cd39c-8d80-40fb-9e39-7f0467347f33,ACC-Camping-1238,CID-239,Receivable,Active,2025-01-01,,0.0,USD,Customer receivable account (Camping),SampleGen
0f395e91-a930-4106-861f-e24c849390a4,ACC-Camping-1239,CID-240,Receivable,Active,2025-01-01,,0.0,USD,Customer receivable account (Camping),SampleGen
e40bace5-d4ed-4fb5-9b6e-ac7a5940232a,ACC-Camping-1240,CID-241,Receivable,Active,2025-01-01,,0.0,USD,Customer receivable account (Camping),SampleGen
cc499318-0b05-4944-8273-9fe32c5ea8f1,ACC-Camping-1241,CID-242,Receivable,Active,2025-01-01,,0.0,USD,Customer receivable account (Camping),SampleGen
ac9ef32a-01cf-4c16-840a-847c8067f005,ACC-Camping-1242,CID-243,Receivable,Active,2025-01-01,,0.0,USD,Customer receivable account (Camping),SampleGen
0ff3305c-a287-4979-986f-edb25d3fc4a7,ACC-Camping-1243,CID-244,Receivable,Active,2025-01-01,,0.0,USD,Customer receivable account (Camping),SampleGen
2a99feb9-92cc-4b89-8960-c1a4b01fa740,ACC-Camping-1244,CID-245,Receivable,Active,2025-01-01,,0.0,USD,Customer receivable account (Camping),SampleGen
c362c2e6-1329-4ed5-8b15-5a68f9a7c362,ACC-Camping-1245,CID-246,Receivable,Active,2025-01-01,,0.0,USD,Customer receivable account (Camping),SampleGen
022cc714-a99b-4f59-969f-b136f30d0654,ACC-Camping-1246,CID-247,Receivable,Active,2025-01-01,,0.0,USD,Customer receivable account (Camping),SampleGen
7353936a-364e-4c70-be19-e1e43d3b5b51,ACC-Camping-1247,CID-248,Receivable,Active,2025-01-01,,0.0,USD,Customer receivable account (Camping),SampleGen
9534fd7f-9877-4553-bf46-5004022696b5,ACC-Camping-1248,CID-249,Receivable,Active,2025-01-01,,0.0,USD,Customer receivable account (Camping),SampleGen
bff0e804-e7e8-41b9-979e-82003ec50efe,ACC-Camping-1249,CID-250,Receivable,Active,2025-01-01,,0.0,USD,Customer receivable account (Camping),SampleGen
270441ad-e8ab-425e-9936-2aeb4b51a897,ACC-Camping-1250,CID-251,Receivable,Active,2025-01-01,,0.0,USD,Customer receivable account (Camping),SampleGen
0a243734-13a1-4285-b76e-270aad95f8ef,ACC-Camping-1251,CID-252,Receivable,Active,2025-01-01,,0.0,USD,Customer receivable account (Camping),SampleGen
06bc937e-07db-443a-be9d-e1ed6a0936fd,ACC-Camping-1252,CID-253,Receivable,Active,2025-01-01,,0.0,USD,Customer receivable account (Camping),SampleGen
e533e082-ab15-4741-90c6-8cf7028a72c5,ACC-Camping-1253,CID-254,Receivable,Active,2025-01-01,,0.0,USD,Customer receivable account (Camping),SampleGen
5c064bf6-2e53-4659-a403-d934419ea87c,ACC-Camping-1254,CID-255,Receivable,Active,2025-01-01,,0.0,USD,Customer receivable account (Camping),SampleGen
a0ec815a-c2e3-4273-9309-d9861591e95a,ACC-Camping-1255,CID-256,Receivable,Active,2025-01-01,,0.0,USD,Customer receivable account (Camping),SampleGen
cba252ab-59d5-4b6f-a928-fb80e2a67617,ACC-Camping-1256,CID-257,Receivable,Active,2025-01-01,,0.0,USD,Customer receivable account (Camping),SampleGen
09f75d3e-769b-464e-83b0-806d0e6d9a3c,ACC-Camping-1257,CID-258,Receivable,Active,2025-01-01,,0.0,USD,Customer receivable account (Camping),SampleGen
2360160a-5b6e-4334-9761-2f0d5d94329e,ACC-Camping-1258,CID-259,Receivable,Active,2025-01-01,,0.0,USD,Customer receivable account (Camping),SampleGen
bb0b03ad-8d1f-4b32-befd-0a0ca2003b38,ACC-Camping-1259,CID-260,Receivable,Active,2025-01-01,,0.0,USD,Customer receivable account (Camping),SampleGen
4145ac4f-2555-4d46-8861-86029e8870ce,ACC-Camping-1260,CID-261,Receivable,Active,2025-01-01,,0.0,USD,Customer receivable account (Camping),SampleGen
0aea3bde-5a70-490c-be72-d71e6205d6b6,ACC-Camping-1261,CID-262,Receivable,Active,2025-01-01,,0.0,USD,Customer receivable account (Camping),SampleGen
7c16324c-4342-425e-af37-b5a922919d1a,ACC-Camping-1262,CID-263,Receivable,Active,2025-01-01,,0.0,USD,Customer receivable account (Camping),SampleGen
fcdf686b-2032-414b-a6fa-ed8c5680e56c,ACC-Camping-1263,CID-264,Receivable,Active,2025-01-01,,0.0,USD,Customer receivable account (Camping),SampleGen
81d34c49-4978-4c0c-bf04-8ca4841dfab2,ACC-Camping-1264,CID-265,Receivable,Active,2025-01-01,,0.0,USD,Customer receivable account (Camping),SampleGen
51d64587-40ae-49fb-a8c0-e710ad7b9970,ACC-Camping-1265,CID-266,Receivable,Active,2025-01-01,,0.0,USD,Customer receivable account (Camping),SampleGen
20900412-bdac-4da7-bad9-7a0a2f4d9513,ACC-Camping-1266,CID-267,Receivable,Active,2025-01-01,,0.0,USD,Customer receivable account (Camping),SampleGen
ba75b367-c3c8-4dac-9a40-8fae204c8b8d,ACC-Camping-1267,CID-268,Receivable,Active,2025-01-01,,0.0,USD,Customer receivable account (Camping),SampleGen
25f9f6a2-ccae-4707-9c82-812a571db29e,ACC-Camping-1268,CID-269,Receivable,Active,2025-01-01,,0.0,USD,Customer receivable account (Camping),SampleGen
6bd817e7-f290-4feb-870d-f5b65549c236,ACC-Camping-1269,CID-270,Receivable,Active,2025-01-01,,0.0,USD,Customer receivable account (Camping),SampleGen
f73a42f1-338e-4c6a-947e-7a3a138b3ce2,ACC-Camping-1270,CID-271,Receivable,Active,2025-01-01,,0.0,USD,Customer receivable account (Camping),SampleGen
3e245fb0-6c8d-45fa-a606-f0cf52b2870b,ACC-Camping-1271,CID-272,Receivable,Active,2025-01-01,,0.0,USD,Customer receivable account (Camping),SampleGen
e704f61c-8b49-43c9-8df7-dc77a5c8c7bd,ACC-Camping-1272,CID-273,Receivable,Active,2025-01-01,,0.0,USD,Customer receivable account (Camping),SampleGen
0bbdd4db-b7e4-4b71-9a52-32d3ec4a7c24,ACC-Camping-1273,CID-274,Receivable,Active,2025-01-01,,0.0,USD,Customer receivable account (Camping),SampleGen
046b86fd-de8f-4836-b46e-1e74b59b9693,ACC-Camping-1274,CID-275,Receivable,Active,2025-01-01,,0.0,USD,Customer receivable account (Camping),SampleGen
21edfe7c-ff75-4b2c-befc-95933fb91f65,ACC-Camping-1275,CID-276,Receivable,Active,2025-01-01,,0.0,USD,Customer receivable account (Camping),SampleGen
f8d0074d-218f-455b-b95a-178a4a8bddcc,ACC-Camping-1276,CID-277,Receivable,Active,2025-01-01,,0.0,USD,Customer receivable account (Camping),SampleGen
f62258e6-fa83-4bf5-800f-e28683d8cb83,ACC-Camping-1277,CID-278,Receivable,Active,2025-01-01,,0.0,USD,Customer receivable account (Camping),SampleGen
944a918c-3938-40e8-a18d-90769d559690,ACC-Camping-1278,CID-279,Receivable,Active,2025-01-01,,0.0,USD,Customer receivable account (Camping),SampleGen
19dfa1c6-7df0-4eee-907b-a73f3e15faee,ACC-Camping-1279,CID-280,Receivable,Active,2025-01-01,,0.0,USD,Customer receivable account (Camping),SampleGen
d50e7a63-7430-415c-b98c-3d05979a2422,ACC-Camping-1280,CID-281,Receivable,Active,2025-01-01,,0.0,USD,Customer receivable account (Camping),SampleGen
78c04892-bc3b-4fbe-81ed-61c09130e45e,ACC-Camping-1281,CID-282,Receivable,Active,2025-01-01,,0.0,USD,Customer receivable account (Camping),SampleGen
6c72cfa4-e31a-46ad-9d8f-3298317a2496,ACC-Camping-1282,CID-283,Receivable,Active,2025-01-01,,0.0,USD,Customer receivable account (Camping),SampleGen
14baf598-ff62-4bf6-900a-12e8cb48c404,ACC-Camping-1283,CID-284,Receivable,Active,2025-01-01,,0.0,USD,Customer receivable account (Camping),SampleGen
79e8a7a8-2c73-47f8-a786-97be592d5a03,ACC-Camping-1284,CID-285,Receivable,Active,2025-01-01,,0.0,USD,Customer receivable account (Camping),SampleGen
6029167f-1333-485b-a407-eefdb07938d7,ACC-Camping-1285,CID-286,Receivable,Active,2025-01-01,,0.0,USD,Customer receivable account (Camping),SampleGen
7366f938-974a-4ded-918a-bddc3575d133,ACC-Camping-1286,CID-287,Receivable,Active,2025-01-01,,0.0,USD,Customer receivable account (Camping),SampleGen
b6a83c1e-aa26-46f5-91a6-ce0e0d4ddd81,ACC-Camping-1287,CID-288,Receivable,Active,2025-01-01,,0.0,USD,Customer receivable account (Camping),SampleGen
2b9a3480-f619-4a41-b44a-6e4fb7ee05fe,ACC-Camping-1288,CID-289,Receivable,Active,2025-01-01,,0.0,USD,Customer receivable account (Camping),SampleGen
ad294fb1-2315-4ccb-8ec4-f12d22d96743,ACC-Camping-1289,CID-290,Receivable,Active,2025-01-01,,0.0,USD,Customer receivable account (Camping),SampleGen
58f8d799-6f84-4319-919d-fe7a5b081ead,ACC-Camping-1290,CID-291,Receivable,Active,2025-01-01,,0.0,USD,Customer receivable account (Camping),SampleGen
081eab0c-2ce5-450d-abda-41c280f9e3ff,ACC-Camping-1291,CID-292,Receivable,Active,2025-01-01,,0.0,USD,Customer receivable account (Camping),SampleGen
156b6bf4-8eb5-41d4-894a-819466977921,ACC-Camping-1292,CID-293,Receivable,Active,2025-01-01,,0.0,USD,Customer receivable account (Camping),SampleGen
f247a530-aa36-4b06-bef7-926453e45fdd,ACC-Camping-1293,CID-294,Receivable,Active,2025-01-01,,0.0,USD,Customer receivable account (Camping),SampleGen
d81b8603-65ed-4219-8779-60f776536d73,ACC-Camping-1294,CID-295,Receivable,Active,2025-01-01,,0.0,USD,Customer receivable account (Camping),SampleGen
da6f747a-0f84-4407-b8f1-595d10da8092,ACC-Camping-1295,CID-296,Receivable,Active,2025-01-01,,0.0,USD,Customer receivable account (Camping),SampleGen
9591a1e8-9271-4563-a04c-46f155ab34b9,ACC-Camping-1296,CID-297,Receivable,Active,2025-01-01,,0.0,USD,Customer receivable account (Camping),SampleGen
b1085d82-9ab9-43b5-9ae3-53b370b82aab,ACC-Camping-1297,CID-298,Receivable,Active,2025-01-01,,0.0,USD,Customer receivable account (Camping),SampleGen
5b299399-4916-4231-b682-2f89398ee4a5,ACC-Camping-1298,CID-299,Receivable,Active,2025-01-01,,0.0,USD,Customer receivable account (Camping),SampleGen
0c5cb345-62be-493f-a9f6-406ae01bf671,ACC-Camping-1299,CID-300,Receivable,Active,2025-01-01,,0.0,USD,Customer receivable account (Camping),SampleGen
b9e8bcff-9038-45fb-ae6e-7f716797bd93,ACC-Camping-1300,CID-301,Receivable,Active,2025-01-01,,0.0,USD,Customer receivable account (Camping),SampleGen
50d6c326-e39b-4997-821e-010d45a7db72,ACC-Camping-1301,CID-302,Receivable,Active,2025-01-01,,0.0,USD,Customer receivable account (Camping),SampleGen
6b1163ba-fa9d-4584-9a4f-8fe889b57036,ACC-Camping-1302,CID-303,Receivable,Active,2025-01-01,,0.0,USD,Customer receivable account (Camping),SampleGen
595c3b79-68a3-4645-acdf-77b95989d4b0,ACC-Camping-1303,CID-304,Receivable,Active,2025-01-01,,0.0,USD,Customer receivable account (Camping),SampleGen
373a3f46-7e72-4d58-8c49-0f39d5aae306,ACC-Camping-1304,CID-305,Receivable,Active,2025-01-01,,0.0,USD,Customer receivable account (Camping),SampleGen
bf6efd35-4001-44a1-808f-30bcb4a58e5a,ACC-Camping-1305,CID-306,Receivable,Active,2025-01-01,,0.0,USD,Customer receivable account (Camping),SampleGen
4d28fb21-4862-42a5-baba-49447c90ac4a,ACC-Camping-1306,CID-307,Receivable,Active,2025-01-01,,0.0,USD,Customer receivable account (Camping),SampleGen
0a8deeb0-9e10-47b1-bc72-5e08e03bddd1,ACC-Camping-1307,CID-308,Receivable,Active,2025-01-01,,0.0,USD,Customer receivable account (Camping),SampleGen
4a7e70f7-1cd4-4308-ab6f-4753f4c72485,ACC-Camping-1308,CID-309,Receivable,Active,2025-01-01,,0.0,USD,Customer receivable account (Camping),SampleGen
f6b47d5e-6766-4dac-bc07-9692c8dbeee7,ACC-Camping-1309,CID-310,Receivable,Active,2025-01-01,,0.0,USD,Customer receivable account (Camping),SampleGen
cf8a3f77-af7c-472b-84de-d98b854fd156,ACC-Camping-1310,CID-311,Receivable,Active,2025-01-01,,0.0,USD,Customer receivable account (Camping),SampleGen
40fddd70-4b2e-4cc1-aa7b-59b46e2483a8,ACC-Camping-1311,CID-312,Receivable,Active,2025-01-01,,0.0,USD,Customer receivable account (Camping),SampleGen
cbc6ead5-26fb-4748-9fd8-a4932d6ae509,ACC-Camping-1312,CID-313,Receivable,Active,2025-01-01,,0.0,USD,Customer receivable account (Camping),SampleGen
d969c0fb-d301-4119-8447-46937819360f,ACC-Camping-1313,CID-314,Receivable,Active,2025-01-01,,0.0,USD,Customer receivable account (Camping),SampleGen
be1e1460-37d0-4546-8b19-e227d435fc24,ACC-Camping-1314,CID-315,Receivable,Active,2025-01-01,,0.0,USD,Customer receivable account (Camping),SampleGen
c50f5297-f4f4-4ee4-8a77-bf75e5c9831b,ACC-Camping-1315,CID-316,Receivable,Active,2025-01-01,,0.0,USD,Customer receivable account (Camping),SampleGen
85a40579-e7e5-4054-843a-79c39f3f94da,ACC-Camping-1316,CID-317,Receivable,Active,2025-01-01,,0.0,USD,Customer receivable account (Camping),SampleGen
d512b97d-482d-4478-b6b9-bac072fd20c4,ACC-Camping-1317,CID-318,Receivable,Active,2025-01-01,,0.0,USD,Customer receivable account (Camping),SampleGen
361cd2d6-08fa-4935-88ec-97b191c75dca,ACC-Camping-1318,CID-319,Receivable,Active,2025-01-01,,0.0,USD,Customer receivable account (Camping),SampleGen
0f3177a4-c71a-48e9-ad40-00fb5b46f331,ACC-Camping-1319,CID-320,Receivable,Active,2025-01-01,,0.0,USD,Customer receivable account (Camping),SampleGen
265a4278-2708-40bc-bda3-068f35a105a0,ACC-Camping-1320,CID-321,Receivable,Active,2025-01-01,,0.0,USD,Customer receivable account (Camping),SampleGen
642225ae-aab3-453a-a02f-f97bc2d3dd9c,ACC-Camping-1321,CID-322,Receivable,Active,2025-01-01,,0.0,USD,Customer receivable account (Camping),SampleGen
79e50118-7cb6-4d12-be54-329c689a4b8d,ACC-Camping-1322,CID-323,Receivable,Active,2025-01-01,,0.0,USD,Customer receivable account (Camping),SampleGen
f65b1825-36db-40a0-a67a-3be58314f2d4,ACC-Camping-1323,CID-324,Receivable,Active,2025-01-01,,0.0,USD,Customer receivable account (Camping),SampleGen
b9db5f7f-14a6-4018-847a-a91ed3e81599,ACC-Camping-1324,CID-325,Receivable,Active,2025-01-01,,0.0,USD,Customer receivable account (Camping),SampleGen
746c1586-2b57-4337-a6c5-bc991cc6d690,ACC-Camping-1325,CID-326,Receivable,Active,2025-01-01,,0.0,USD,Customer receivable account (Camping),SampleGen
4a1065fd-0231-41e2-86c5-b3e22a2c3f58,ACC-Camping-1326,CID-327,Receivable,Active,2025-01-01,,0.0,USD,Customer receivable account (Camping),SampleGen
a2db8b77-9f01-48fd-97e6-8b9dbb81aa8a,ACC-Camping-1327,CID-328,Receivable,Active,2025-01-01,,0.0,USD,Customer receivable account (Camping),SampleGen
3cfc63a6-4504-4881-b6d6-686c6229f707,ACC-Camping-1328,CID-329,Receivable,Active,2025-01-01,,0.0,USD,Customer receivable account (Camping),SampleGen
7ba1ccf3-9029-4991-b099-f8c108676d4b,ACC-Camping-1329,CID-330,Receivable,Active,2025-01-01,,0.0,USD,Customer receivable account (Camping),SampleGen
77bd1069-c163-401b-954d-32f9eb03df04,ACC-Camping-1330,CID-331,Receivable,Active,2025-01-01,,0.0,USD,Customer receivable account (Camping),SampleGen
084561c8-b02e-4ce9-8887-231f782b5a70,ACC-Camping-1331,CID-332,Receivable,Active,2025-01-01,,0.0,USD,Customer receivable account (Camping),SampleGen
5cbee768-3991-4031-a5a3-444e78bd7ee3,ACC-Camping-1332,CID-333,Receivable,Active,2025-01-01,,0.0,USD,Customer receivable account (Camping),SampleGen
18346799-d6af-4dd9-9335-276516f2f62f,ACC-Camping-1333,CID-334,Receivable,Active,2025-01-01,,0.0,USD,Customer receivable account (Camping),SampleGen
83e50112-dc1b-4820-848a-6f44948e7b0e,ACC-Camping-1334,CID-335,Receivable,Active,2025-01-01,,0.0,USD,Customer receivable account (Camping),SampleGen
6841c5e5-0451-45b7-98bc-701dc437a265,ACC-Camping-1335,CID-336,Receivable,Active,2025-01-01,,0.0,USD,Customer receivable account (Camping),SampleGen
e53c1469-9da0-4f24-a1c0-438381d4252c,ACC-Camping-1336,CID-337,Receivable,Active,2025-01-01,,0.0,USD,Customer receivable account (Camping),SampleGen
1008ac13-46c7-449e-b300-81a8f939ca15,ACC-Camping-1337,CID-338,Receivable,Active,2025-01-01,,0.0,USD,Customer receivable account (Camping),SampleGen
e76a4064-905f-42f6-9ab6-66dcd0b60ada,ACC-Camping-1338,CID-339,Receivable,Active,2025-01-01,,0.0,USD,Customer receivable account (Camping),SampleGen
5d1bee4c-1d31-4e26-b530-c6da04b92eae,ACC-Camping-1339,CID-340,Receivable,Active,2025-01-01,,0.0,USD,Customer receivable account (Camping),SampleGen
f179ee02-b0ba-483c-ad16-041ac988b644,ACC-Camping-1340,CID-341,Receivable,Active,2025-01-01,,0.0,USD,Customer receivable account (Camping),SampleGen
2862f49e-853d-4e34-a77b-b79ef0085ffd,ACC-Camping-1341,CID-342,Receivable,Active,2025-01-01,,0.0,USD,Customer receivable account (Camping),SampleGen
ad74d129-2717-42f9-90ff-17ecca636010,ACC-Camping-1342,CID-343,Receivable,Active,2025-01-01,,0.0,USD,Customer receivable account (Camping),SampleGen
c2f6efc1-5265-44ab-8c73-2d04fec14a68,ACC-Camping-1343,CID-344,Receivable,Active,2025-01-01,,0.0,USD,Customer receivable account (Camping),SampleGen
7e42f533-91c6-4d7d-830b-42f6311ed5ff,ACC-Camping-1344,CID-345,Receivable,Active,2025-01-01,,0.0,USD,Customer receivable account (Camping),SampleGen
afcd5169-cc43-46f4-bff9-68afab01529e,ACC-Camping-1345,CID-346,Receivable,Active,2025-01-01,,0.0,USD,Customer receivable account (Camping),SampleGen
0ac0f2cd-d89b-4643-ba4c-188cc088ab03,ACC-Camping-1346,CID-347,Receivable,Active,2025-01-01,,0.0,USD,Customer receivable account (Camping),SampleGen
99508084-99ed-45c4-a0b2-1d27c7bf35fd,ACC-Camping-1347,CID-348,Receivable,Active,2025-01-01,,0.0,USD,Customer receivable account (Camping),SampleGen
a287b5d2-90b8-40bd-9de0-47c5731e7f2a,ACC-Camping-1348,CID-349,Receivable,Active,2025-01-01,,0.0,USD,Customer receivable account (Camping),SampleGen
152938ef-b0ad-4cc8-9e1f-b93b6f024382,ACC-Camping-1349,CID-350,Receivable,Active,2025-01-01,,0.0,USD,Customer receivable account (Camping),SampleGen
a2e8ec7e-bc5c-4540-8c3b-c905c7889584,ACC-Camping-1350,CID-351,Receivable,Active,2025-01-01,,0.0,USD,Customer receivable account (Camping),SampleGen
cdca7b3b-bb8d-42ef-9b13-18af09aed1e7,ACC-Camping-1351,CID-352,Receivable,Active,2025-01-01,,0.0,USD,Customer receivable account (Camping),SampleGen
44391c17-b911-4e82-94e4-0fb98ab41196,ACC-Camping-1352,CID-353,Receivable,Active,2025-01-01,,0.0,USD,Customer receivable account (Camping),SampleGen
e6bdeb7e-2e3a-4988-b23b-ee2a6da44798,ACC-Camping-1353,CID-354,Receivable,Active,2025-01-01,,0.0,USD,Customer receivable account (Camping),SampleGen
d9e96843-5eb1-42eb-a36b-5abb781eecb5,ACC-Camping-1354,CID-355,Receivable,Active,2025-01-01,,0.0,USD,Customer receivable account (Camping),SampleGen
3adf881c-fb12-4900-b0ae-3362347336bb,ACC-Camping-1355,CID-356,Receivable,Active,2025-01-01,,0.0,USD,Customer receivable account (Camping),SampleGen
1bbf995d-6994-4898-a51b-c0198dc8948c,ACC-Camping-1356,CID-357,Receivable,Active,2025-01-01,,0.0,USD,Customer receivable account (Camping),SampleGen
0b731244-caa3-4325-a5bf-bcc2f794375b,ACC-Camping-1357,CID-358,Receivable,Active,2025-01-01,,0.0,USD,Customer receivable account (Camping),SampleGen
6f7cafb3-da40-4e79-a6b5-3d2049d7f8e9,ACC-Camping-1358,CID-359,Receivable,Active,2025-01-01,,0.0,USD,Customer receivable account (Camping),SampleGen
cdd6a14c-60df-4147-bd94-da169a7f5944,ACC-Camping-1359,CID-360,Receivable,Active,2025-01-01,,0.0,USD,Customer receivable account (Camping),SampleGen
7952cb84-5361-4801-98a8-43993e576360,ACC-Camping-1360,CID-361,Receivable,Active,2025-01-01,,0.0,USD,Customer receivable account (Camping),SampleGen
b62a63e3-3145-4719-833a-5a11f84360f3,ACC-Camping-1361,CID-362,Receivable,Active,2025-01-01,,0.0,USD,Customer receivable account (Camping),SampleGen
72c5ffa7-f458-4734-ab1c-cbdf0ce2bca8,ACC-Camping-1362,CID-363,Receivable,Active,2025-01-01,,0.0,USD,Customer receivable account (Camping),SampleGen
26ffbbfe-f9f7-4245-82c5-cc4dc7b9be54,ACC-Camping-1363,CID-364,Receivable,Active,2025-01-01,,0.0,USD,Customer receivable account (Camping),SampleGen
1c82de6a-9b8c-4e7e-9551-a7831115b1d2,ACC-Camping-1364,CID-365,Receivable,Active,2025-01-01,,0.0,USD,Customer receivable account (Camping),SampleGen
08e6091b-70db-4488-9d20-a617ea4763f6,ACC-Camping-1365,CID-366,Receivable,Active,2025-01-01,,0.0,USD,Customer receivable account (Camping),SampleGen
8e338350-145c-4828-ab86-f9a3b772394c,ACC-Camping-1366,CID-367,Receivable,Active,2025-01-01,,0.0,USD,Customer receivable account (Camping),SampleGen
6c0b83ac-6d71-46e1-8f53-7d300075e24a,ACC-Camping-1367,CID-368,Receivable,Active,2025-01-01,,0.0,USD,Customer receivable account (Camping),SampleGen
17bbb450-47ff-435a-ad85-1c889ead5f5c,ACC-Camping-1368,CID-369,Receivable,Active,2025-01-01,,0.0,USD,Customer receivable account (Camping),SampleGen
4a17c8f6-e722-4aee-9222-b60694362e6e,ACC-Camping-1369,CID-370,Receivable,Active,2025-01-01,,0.0,USD,Customer receivable account (Camping),SampleGen
fee1acde-bb44-435e-9aac-4a7f6d4fe4e5,ACC-Camping-1370,CID-371,Receivable,Active,2025-01-01,,0.0,USD,Customer receivable account (Camping),SampleGen
e621c5ea-0ca1-4099-ac4c-73dd9b67c4e1,ACC-Camping-1371,CID-372,Receivable,Active,2025-01-01,,0.0,USD,Customer receivable account (Camping),SampleGen
58055876-8630-489a-8f1f-cf5f55631ddf,ACC-Camping-1372,CID-373,Receivable,Active,2025-01-01,,0.0,USD,Customer receivable account (Camping),SampleGen
e693837b-fe59-44c1-ac1f-eb751e4d3d60,ACC-Camping-1373,CID-374,Receivable,Active,2025-01-01,,0.0,USD,Customer receivable account (Camping),SampleGen
a559ab60-73c6-4b77-97b9-67a09b515181,ACC-Camping-1374,CID-375,Receivable,Active,2025-01-01,,0.0,USD,Customer receivable account (Camping),SampleGen
de129ef2-aa6e-40a5-b678-df657b2f24e9,ACC-Camping-1375,CID-376,Receivable,Active,2025-01-01,,0.0,USD,Customer receivable account (Camping),SampleGen
05f0f99c-9cee-4298-9c20-4aa6b053fd27,ACC-Camping-1376,CID-377,Receivable,Active,2025-01-01,,0.0,USD,Customer receivable account (Camping),SampleGen
7f6b25da-8271-4a52-942a-d8a7bb18463e,ACC-Camping-1377,CID-378,Receivable,Active,2025-01-01,,0.0,USD,Customer receivable account (Camping),SampleGen
9e91f62c-111c-4045-802d-df19ff9fe523,ACC-Camping-1378,CID-379,Receivable,Active,2025-01-01,,0.0,USD,Customer receivable account (Camping),SampleGen
620a90ea-95c2-43f2-9f99-06e084488505,ACC-Camping-1379,CID-380,Receivable,Active,2025-01-01,,0.0,USD,Customer receivable account (Camping),SampleGen
e15b7f61-8f1f-4fa1-9664-af7b32542024,ACC-Camping-1380,CID-381,Receivable,Active,2025-01-01,,0.0,USD,Customer receivable account (Camping),SampleGen
f242995a-7bcc-4daf-b9d0-f7bc901399ab,ACC-Camping-1381,CID-382,Receivable,Active,2025-01-01,,0.0,USD,Customer receivable account (Camping),SampleGen
9315842f-c58b-42b3-94de-9b7c54a50dd4,ACC-Camping-1382,CID-383,Receivable,Active,2025-01-01,,0.0,USD,Customer receivable account (Camping),SampleGen
3d3fcdb3-7ac0-4d0b-98ee-ee743fcb57f1,ACC-Camping-1383,CID-384,Receivable,Active,2025-01-01,,0.0,USD,Customer receivable account (Camping),SampleGen
76698451-cf65-4664-8bb3-ec36daecd732,ACC-Camping-1384,CID-385,Receivable,Active,2025-01-01,,0.0,USD,Customer receivable account (Camping),SampleGen
f67b83d2-b6ec-47ec-834f-d8a92fe8a451,ACC-Camping-1385,CID-386,Receivable,Active,2025-01-01,,0.0,USD,Customer receivable account (Camping),SampleGen
a4a9303b-261b-4bbb-9d9f-405deb424cd7,ACC-Camping-1386,CID-387,Receivable,Active,2025-01-01,,0.0,USD,Customer receivable account (Camping),SampleGen
26714f56-9638-47e0-a5f7-81cd7c587244,ACC-Camping-1387,CID-388,Receivable,Active,2025-01-01,,0.0,USD,Customer receivable account (Camping),SampleGen
470434cd-9f0a-479a-8b5d-68684d5bc4ac,ACC-Camping-1388,CID-389,Receivable,Active,2025-01-01,,0.0,USD,Customer receivable account (Camping),SampleGen
c5d12f55-b4d4-49bf-a95f-7839936781e7,ACC-Camping-1389,CID-390,Receivable,Active,2025-01-01,,0.0,USD,Customer receivable account (Camping),SampleGen
ed949e7f-f6bd-4fb4-9482-cace6f3f4133,ACC-Camping-1390,CID-391,Receivable,Active,2025-01-01,,0.0,USD,Customer receivable account (Camping),SampleGen
76b8cfec-12df-4958-bfb7-4ba72bda7cb5,ACC-Camping-1391,CID-392,Receivable,Active,2025-01-01,,0.0,USD,Customer receivable account (Camping),SampleGen
5e46f852-3d80-41cc-8694-86c89f535930,ACC-Camping-1392,CID-393,Receivable,Active,2025-01-01,,0.0,USD,Customer receivable account (Camping),SampleGen
cdad9492-429c-49e4-b252-45266dc273c1,ACC-Camping-1393,CID-394,Receivable,Active,2025-01-01,,0.0,USD,Customer receivable account (Camping),SampleGen
5a4b5b5f-8853-4f3d-aa5e-19ca61d3495c,ACC-Camping-1394,CID-395,Receivable,Active,2025-01-01,,0.0,USD,Customer receivable account (Camping),SampleGen
579e7dfa-f3d8-4c63-b61e-db8c7b3c4034,ACC-Camping-1395,CID-396,Receivable,Active,2025-01-01,,0.0,USD,Customer receivable account (Camping),SampleGen
81efd7d3-ccf4-40e3-8d3c-d9f6915c3343,ACC-Camping-1396,CID-397,Receivable,Active,2025-01-01,,0.0,USD,Customer receivable account (Camping),SampleGen
5177c3ad-52a1-4a05-b4cc-32b264588a44,ACC-Camping-1397,CID-398,Receivable,Active,2025-01-01,,0.0,USD,Customer receivable account (Camping),SampleGen
43b8fdd7-b1fc-4380-b517-aff6d721c7cc,ACC-Camping-1398,CID-399,Receivable,Active,2025-01-01,,0.0,USD,Customer receivable account (Camping),SampleGen
f58f33f2-315a-488c-a8f1-2635bf809c78,ACC-Camping-1399,CID-400,Receivable,Active,2025-01-01,,0.0,USD,Customer receivable account (Camping),SampleGen
5bbb9506-c2eb-4f1d-a80f-26e7d5c8fc5e,ACC-Camping-1400,CID-401,Receivable,Active,2025-01-01,,0.0,USD,Customer receivable account (Camping),SampleGen
fdd39ea8-b275-4ac1-b377-5dea796c748c,ACC-Camping-1401,CID-402,Receivable,Active,2025-01-01,,0.0,USD,Customer receivable account (Camping),SampleGen
19f542e0-efe7-41c8-9ea8-82cd00252f8d,ACC-Camping-1402,CID-403,Receivable,Active,2025-01-01,,0.0,USD,Customer receivable account (Camping),SampleGen
004e5f35-db85-4003-9925-0926238e3a21,ACC-Camping-1403,CID-404,Receivable,Active,2025-01-01,,0.0,USD,Customer receivable account (Camping),SampleGen
944e12a4-1a11-42e3-a059-3043f8dc8c70,ACC-Camping-1404,CID-405,Receivable,Active,2025-01-01,,0.0,USD,Customer receivable account (Camping),SampleGen
9039c0fa-0054-4d25-9ec1-05711ff5406d,ACC-Camping-1405,CID-406,Receivable,Active,2025-01-01,,0.0,USD,Customer receivable account (Camping),SampleGen
ba221b3c-8ac7-48b1-88fa-ec4283c21342,ACC-Camping-1406,CID-407,Receivable,Active,2025-01-01,,0.0,USD,Customer receivable account (Camping),SampleGen
de70dbc3-a974-47a8-89a5-8b1995468957,ACC-Camping-1407,CID-408,Receivable,Active,2025-01-01,,0.0,USD,Customer receivable account (Camping),SampleGen
2fe64be2-a9d7-4c91-991e-f8901600e8a7,ACC-Camping-1408,CID-409,Receivable,Active,2025-01-01,,0.0,USD,Customer receivable account (Camping),SampleGen
7f8fbf2c-670b-4d52-b719-41c5f4cf1e3a,ACC-Camping-1409,CID-410,Receivable,Active,2025-01-01,,0.0,USD,Customer receivable account (Camping),SampleGen
4bd09552-49a4-42ae-8d23-05265a73f0be,ACC-Camping-1410,CID-411,Receivable,Active,2025-01-01,,0.0,USD,Customer receivable account (Camping),SampleGen
759855a1-d863-464b-a5d4-88ce0d30d97c,ACC-Camping-1411,CID-412,Receivable,Active,2025-01-01,,0.0,USD,Customer receivable account (Camping),SampleGen
03dd0291-004b-438b-8dcd-005d07aacd52,ACC-Camping-1412,CID-413,Receivable,Active,2025-01-01,,0.0,USD,Customer receivable account (Camping),SampleGen
5f625ca5-1394-4091-ac87-7da81529e1f4,ACC-Camping-1413,CID-414,Receivable,Active,2025-01-01,,0.0,USD,Customer receivable account (Camping),SampleGen
c0ed3cac-9abb-47a1-8257-32fb153b886a,ACC-Camping-1414,CID-415,Receivable,Active,2025-01-01,,0.0,USD,Customer receivable account (Camping),SampleGen
79e5c0f1-156a-45a1-8d91-17308c2a5fae,ACC-Camping-1415,CID-416,Receivable,Active,2025-01-01,,0.0,USD,Customer receivable account (Camping),SampleGen
0431a51f-b635-49c0-ae76-b205baeaaf7a,ACC-Camping-1416,CID-417,Receivable,Active,2025-01-01,,0.0,USD,Customer receivable account (Camping),SampleGen
bb23b19d-8844-4aaa-8570-49b77f73efac,ACC-Camping-1417,CID-418,Receivable,Active,2025-01-01,,0.0,USD,Customer receivable account (Camping),SampleGen
faa9a4af-cae0-47cc-af2e-4ce1c7cbac5c,ACC-Camping-1418,CID-419,Receivable,Active,2025-01-01,,0.0,USD,Customer receivable account (Camping),SampleGen
b18eba29-b1aa-45df-8806-ea72cbe84d01,ACC-Camping-1419,CID-420,Receivable,Active,2025-01-01,,0.0,USD,Customer receivable account (Camping),SampleGen
29a7cf02-8c79-43b0-8caa-a940e50d3acf,ACC-Camping-1420,CID-421,Receivable,Active,2025-01-01,,0.0,USD,Customer receivable account (Camping),SampleGen
e4ba1a76-8e4a-4629-85fc-fb39faa469e5,ACC-Camping-1421,CID-422,Receivable,Active,2025-01-01,,0.0,USD,Customer receivable account (Camping),SampleGen
9060b70b-dbc0-47ee-b782-ffd2c29cb8f7,ACC-Camping-1422,CID-423,Receivable,Active,2025-01-01,,0.0,USD,Customer receivable account (Camping),SampleGen
2911e4f9-45bb-45f4-b174-74f4ab764d35,ACC-Camping-1423,CID-424,Receivable,Active,2025-01-01,,0.0,USD,Customer receivable account (Camping),SampleGen
e0d2cfb5-8f01-4a52-ae5e-32e596fe28c8,ACC-Camping-1424,CID-425,Receivable,Active,2025-01-01,,0.0,USD,Customer receivable account (Camping),SampleGen
58278ef9-30d0-4a09-902c-6646be2576e7,ACC-Camping-1425,CID-426,Receivable,Active,2025-01-01,,0.0,USD,Customer receivable account (Camping),SampleGen
c7255504-6a3d-439c-8aa2-c23ab493e3d1,ACC-Camping-1426,CID-427,Receivable,Active,2025-01-01,,0.0,USD,Customer receivable account (Camping),SampleGen
60164c58-e951-4220-83e9-54d77d07141e,ACC-Camping-1427,CID-428,Receivable,Active,2025-01-01,,0.0,USD,Customer receivable account (Camping),SampleGen
4a1f2f4c-fef3-41cc-a847-4b30fc6bef48,ACC-Camping-1428,CID-429,Receivable,Active,2025-01-01,,0.0,USD,Customer receivable account (Camping),SampleGen
48ed1f22-dcde-4b50-831e-2d61bc85ee81,ACC-Camping-1429,CID-430,Receivable,Active,2025-01-01,,0.0,USD,Customer receivable account (Camping),SampleGen
6511b11d-a6ae-4d41-bbb5-b6d036804c54,ACC-Camping-1430,CID-431,Receivable,Active,2025-01-01,,0.0,USD,Customer receivable account (Camping),SampleGen
1cd5185e-b19b-4ab4-a489-5c49cb681653,ACC-Camping-1431,CID-432,Receivable,Active,2025-01-01,,0.0,USD,Customer receivable account (Camping),SampleGen
3dc36d92-d5da-41e7-80de-c6fdc93d31ad,ACC-Camping-1432,CID-433,Receivable,Active,2025-01-01,,0.0,USD,Customer receivable account (Camping),SampleGen
9385c8da-e813-4ae0-a50b-438a17b7707a,ACC-Camping-1433,CID-434,Receivable,Active,2025-01-01,,0.0,USD,Customer receivable account (Camping),SampleGen
5704c099-0ec3-4ed5-bed5-9e597b2bd7b3,ACC-Camping-1434,CID-435,Receivable,Active,2025-01-01,,0.0,USD,Customer receivable account (Camping),SampleGen
10f03af4-6d01-4f53-9262-44b5b44edb06,ACC-Camping-1435,CID-436,Receivable,Active,2025-01-01,,0.0,USD,Customer receivable account (Camping),SampleGen
d9f7d933-3e4a-4314-96f0-d1b76749f7e5,ACC-Camping-1436,CID-437,Receivable,Active,2025-01-01,,0.0,USD,Customer receivable account (Camping),SampleGen
0928976c-a321-4496-850e-4c904e6016f1,ACC-Camping-1437,CID-438,Receivable,Active,2025-01-01,,0.0,USD,Customer receivable account (Camping),SampleGen
e81a609a-96b1-45c2-83f0-cfe3868a37c1,ACC-Camping-1438,CID-439,Receivable,Active,2025-01-01,,0.0,USD,Customer receivable account (Camping),SampleGen
06e7efcf-d8a6-4ce8-898c-2ba761567768,ACC-Camping-1439,CID-440,Receivable,Active,2025-01-01,,0.0,USD,Customer receivable account (Camping),SampleGen
f2580435-4f06-4c0f-97c7-73cedf0e96c2,ACC-Camping-1440,CID-441,Receivable,Active,2025-01-01,,0.0,USD,Customer receivable account (Camping),SampleGen
3cba1955-3f31-44d0-aa56-2c2155b8e32a,ACC-Camping-1441,CID-442,Receivable,Active,2025-01-01,,0.0,USD,Customer receivable account (Camping),SampleGen
8ae8a8cd-25b2-4b53-a696-eaeb64e6a827,ACC-Camping-1442,CID-443,Receivable,Active,2025-01-01,,0.0,USD,Customer receivable account (Camping),SampleGen
4eeda2a4-69e1-42dd-a350-0d31c44c1876,ACC-Camping-1443,CID-444,Receivable,Active,2025-01-01,,0.0,USD,Customer receivable account (Camping),SampleGen
dcad8d18-6ef1-410c-b4a4-135b5d4edb41,ACC-Camping-1444,CID-445,Receivable,Active,2025-01-01,,0.0,USD,Customer receivable account (Camping),SampleGen
2aa2cbd3-c048-4db7-b043-d0acbcee06a7,ACC-Camping-1445,CID-446,Receivable,Active,2025-01-01,,0.0,USD,Customer receivable account (Camping),SampleGen
d861d06f-1250-4fc7-af0b-56ce30c6426b,ACC-Camping-1446,CID-447,Receivable,Active,2025-01-01,,0.0,USD,Customer receivable account (Camping),SampleGen
be4f9693-b1f5-4695-96df-aa1d50bdc7bc,ACC-Camping-1447,CID-448,Receivable,Active,2025-01-01,,0.0,USD,Customer receivable account (Camping),SampleGen
d353157f-6739-4a63-adb6-7ac19acd9de5,ACC-Camping-1448,CID-449,Receivable,Active,2025-01-01,,0.0,USD,Customer receivable account (Camping),SampleGen
256e4002-996e-48ba-80c3-795fc8391927,ACC-Camping-1449,CID-450,Receivable,Active,2025-01-01,,0.0,USD,Customer receivable account (Camping),SampleGen
144c2232-728f-482a-aec2-40d2f75113ba,ACC-Camping-1450,CID-451,Receivable,Active,2025-01-01,,0.0,USD,Customer receivable account (Camping),SampleGen
58ee7dda-fc43-4edb-8a59-82b0215e1372,ACC-Camping-1451,CID-452,Receivable,Active,2025-01-01,,0.0,USD,Customer receivable account (Camping),SampleGen
b38f2165-63ba-4723-ac2b-43d1bd9bd70f,ACC-Camping-1452,CID-453,Receivable,Active,2025-01-01,,0.0,USD,Customer receivable account (Camping),SampleGen
9b34d9c3-6a33-459a-8719-d51786bd726d,ACC-Camping-1453,CID-454,Receivable,Active,2025-01-01,,0.0,USD,Customer receivable account (Camping),SampleGen
b1d2fcb9-d701-4ee9-a267-c4268ea0c63b,ACC-Camping-1454,CID-455,Receivable,Active,2025-01-01,,0.0,USD,Customer receivable account (Camping),SampleGen
8e2087a3-d4ca-427b-a9f6-20b0cd015f7b,ACC-Camping-1455,CID-456,Receivable,Active,2025-01-01,,0.0,USD,Customer receivable account (Camping),SampleGen
79d84fe4-25ed-4ce9-9b62-601308a7b05c,ACC-Camping-1456,CID-457,Receivable,Active,2025-01-01,,0.0,USD,Customer receivable account (Camping),SampleGen
26ff6fa1-7aaf-4079-878a-66b36e929688,ACC-Camping-1457,CID-458,Receivable,Active,2025-01-01,,0.0,USD,Customer receivable account (Camping),SampleGen
286971d1-830d-422a-898c-2cde90e7bd7f,ACC-Camping-1458,CID-459,Receivable,Active,2025-01-01,,0.0,USD,Customer receivable account (Camping),SampleGen
69accc80-e68b-466b-833e-148ac5443f24,ACC-Camping-1459,CID-460,Receivable,Active,2025-01-01,,0.0,USD,Customer receivable account (Camping),SampleGen
7fb3997e-1f96-490d-9049-44d24d2aec76,ACC-Camping-1460,CID-461,Receivable,Active,2025-01-01,,0.0,USD,Customer receivable account (Camping),SampleGen
d694ae44-8150-48fc-841f-129824952b27,ACC-Camping-1461,CID-462,Receivable,Active,2025-01-01,,0.0,USD,Customer receivable account (Camping),SampleGen
11af39fe-c5b8-41c6-8e4e-0221068a58dd,ACC-Camping-1462,CID-463,Receivable,Active,2025-01-01,,0.0,USD,Customer receivable account (Camping),SampleGen
00469e39-69b7-4921-ba58-f19635ebe158,ACC-Camping-1463,CID-464,Receivable,Active,2025-01-01,,0.0,USD,Customer receivable account (Camping),SampleGen
1b3c9658-2dd2-4d72-967b-070642867a67,ACC-Camping-1464,CID-465,Receivable,Active,2025-01-01,,0.0,USD,Customer receivable account (Camping),SampleGen
de458107-0686-4d5d-bc4f-e1f10215be60,ACC-Camping-1465,CID-466,Receivable,Active,2025-01-01,,0.0,USD,Customer receivable account (Camping),SampleGen
45bcfc62-76db-418d-bb1d-88f867dc8118,ACC-Camping-1466,CID-467,Receivable,Active,2025-01-01,,0.0,USD,Customer receivable account (Camping),SampleGen
27439caf-8728-4ac2-8d3e-f4b68e4e25b6,ACC-Camping-1467,CID-468,Receivable,Active,2025-01-01,,0.0,USD,Customer receivable account (Camping),SampleGen
b1c0f26c-08d2-4bc1-b1da-45c6cdddf9c1,ACC-Camping-1468,CID-469,Receivable,Active,2025-01-01,,0.0,USD,Customer receivable account (Camping),SampleGen
8869e760-141c-4e58-93e6-c180a36cb6fd,ACC-Camping-1469,CID-470,Receivable,Active,2025-01-01,,0.0,USD,Customer receivable account (Camping),SampleGen
d0924804-7342-4511-a877-fc8558705bd8,ACC-Camping-1470,CID-471,Receivable,Active,2025-01-01,,0.0,USD,Customer receivable account (Camping),SampleGen
18ec0b4e-0238-4c12-bb38-9439bb741afe,ACC-Camping-1471,CID-472,Receivable,Active,2025-01-01,,0.0,USD,Customer receivable account (Camping),SampleGen
90a33878-975a-4dd6-888a-5c5379f20dc7,ACC-Camping-1472,CID-473,Receivable,Active,2025-01-01,,0.0,USD,Customer receivable account (Camping),SampleGen
c544aae0-0ac8-4b0a-9594-cd64524c9173,ACC-Camping-1473,CID-474,Receivable,Active,2025-01-01,,0.0,USD,Customer receivable account (Camping),SampleGen
cf64962d-d5bc-41ff-95a1-1cbd9c382533,ACC-Camping-1474,CID-475,Receivable,Active,2025-01-01,,0.0,USD,Customer receivable account (Camping),SampleGen
5e580d75-96c9-4a6e-af86-c912adca4a8a,ACC-Camping-1475,CID-476,Receivable,Active,2025-01-01,,0.0,USD,Customer receivable account (Camping),SampleGen
973d5ed2-3889-4e78-93df-f22f013a6c13,ACC-Camping-1476,CID-477,Receivable,Active,2025-01-01,,0.0,USD,Customer receivable account (Camping),SampleGen
fcae3627-8a4b-4afc-9757-ce3e85b3409e,ACC-Camping-1477,CID-478,Receivable,Active,2025-01-01,,0.0,USD,Customer receivable account (Camping),SampleGen
bd9bcf61-e098-4177-a627-768d1b9af519,ACC-Camping-1478,CID-479,Receivable,Active,2025-01-01,,0.0,USD,Customer receivable account (Camping),SampleGen
34a47be5-04ab-48de-bbaf-7cd7c04b3de7,ACC-Camping-1479,CID-480,Receivable,Active,2025-01-01,,0.0,USD,Customer receivable account (Camping),SampleGen
dd989ad0-47e4-41a0-99a9-9c7957a47705,ACC-Camping-1480,CID-481,Receivable,Active,2025-01-01,,0.0,USD,Customer receivable account (Camping),SampleGen
a21ff812-33ad-4cef-8e78-40d0b37629e6,ACC-Camping-1481,CID-482,Receivable,Active,2025-01-01,,0.0,USD,Customer receivable account (Camping),SampleGen
e0d16e27-22f7-47ee-baa3-f8b4a5832bc7,ACC-Camping-1482,CID-483,Receivable,Active,2025-01-01,,0.0,USD,Customer receivable account (Camping),SampleGen
bc440be9-3f28-46e4-bb53-54b14517654f,ACC-Camping-1483,CID-484,Receivable,Active,2025-01-01,,0.0,USD,Customer receivable account (Camping),SampleGen
6fbdcd71-c49f-4447-a359-4cd948c73595,ACC-Camping-1484,CID-485,Receivable,Active,2025-01-01,,0.0,USD,Customer receivable account (Camping),SampleGen
c9d3e7e3-3d56-44b1-94d8-03d4d9e29e02,ACC-Camping-1485,CID-486,Receivable,Active,2025-01-01,,0.0,USD,Customer receivable account (Camping),SampleGen
73cc2b8e-491a-4570-b518-be7e7277a856,ACC-Camping-1486,CID-487,Receivable,Active,2025-01-01,,0.0,USD,Customer receivable account (Camping),SampleGen
e39fe7ba-b7c9-48a7-95b2-cddcff3cedf9,ACC-Camping-1487,CID-488,Receivable,Active,2025-01-01,,0.0,USD,Customer receivable account (Camping),SampleGen
454a05f7-7bbe-4138-a3c2-5fc1c2ec7090,ACC-Camping-1488,CID-489,Receivable,Active,2025-01-01,,0.0,USD,Customer receivable account (Camping),SampleGen
b4873245-be5f-460a-814b-d6661de8157b,ACC-Camping-1489,CID-490,Receivable,Active,2025-01-01,,0.0,USD,Customer receivable account (Camping),SampleGen
2fa57bb1-67b5-4c0b-bc7e-309683a15851,ACC-Camping-1490,CID-491,Receivable,Active,2025-01-01,,0.0,USD,Customer receivable account (Camping),SampleGen
713e09a8-bb52-4328-a075-feb5d6ce8db9,ACC-Camping-1491,CID-492,Receivable,Active,2025-01-01,,0.0,USD,Customer receivable account (Camping),SampleGen
e836275e-b65f-42d7-9010-2eefb82012cb,ACC-Camping-1492,CID-493,Receivable,Active,2025-01-01,,0.0,USD,Customer receivable account (Camping),SampleGen
950a6934-94e9-4ebb-9389-3d50c2182793,ACC-Camping-1493,CID-494,Receivable,Active,2025-01-01,,0.0,USD,Customer receivable account (Camping),SampleGen
42be364f-ac71-4f71-a979-88a1ec5d8201,ACC-Camping-1494,CID-495,Receivable,Active,2025-01-01,,0.0,USD,Customer receivable account (Camping),SampleGen
64edce62-d105-49d4-a6e1-ca32d5cd3f0d,ACC-Camping-1495,CID-496,Receivable,Active,2025-01-01,,0.0,USD,Customer receivable account (Camping),SampleGen
c749b820-4c19-474f-9a33-ecb7c8c6e711,ACC-Camping-1496,CID-497,Receivable,Active,2025-01-01,,0.0,USD,Customer receivable account (Camping),SampleGen
681616ce-c4cc-4fb7-a565-7a6c1d8df462,ACC-Camping-1497,CID-498,Receivable,Active,2025-01-01,,0.0,USD,Customer receivable account (Camping),SampleGen
f29cb69e-fc8c-4c88-986c-2b4bea577c75,ACC-Camping-1498,CID-499,Receivable,Active,2025-01-01,,0.0,USD,Customer receivable account (Camping),SampleGen
b2a0557d-b3e8-4138-8de1-f6ea5bfe9f05,ACC-Camping-1499,CID-500,Receivable,Active,2025-01-01,,0.0,USD,Customer receivable account (Camping),SampleGen
bb01c096-c964-4ff5-8862-b1221b259211,ACC-Camping-1500,CID-501,Receivable,Active,2025-01-01,,0.0,USD,Customer receivable account (Camping),SampleGen
428c8b41-359f-4aee-8f87-47be5c0b81be,ACC-Camping-1501,CID-502,Receivable,Active,2025-01-01,,0.0,USD,Customer receivable account (Camping),SampleGen
16907a75-d9c0-448d-90a1-ce6412d0aa25,ACC-Camping-1502,CID-503,Receivable,Active,2025-01-01,,0.0,USD,Customer receivable account (Camping),SampleGen
1805f22e-58af-4b17-a30e-b07cda6a9374,ACC-Camping-1503,CID-504,Receivable,Active,2025-01-01,,0.0,USD,Customer receivable account (Camping),SampleGen
f88be005-4dee-4310-a356-7ee45cbbea67,ACC-Camping-1504,CID-505,Receivable,Active,2025-01-01,,0.0,USD,Customer receivable account (Camping),SampleGen
c1fd3ab8-35c6-48d5-84fc-92ace60345b1,ACC-Camping-1505,CID-506,Receivable,Active,2025-01-01,,0.0,USD,Customer receivable account (Camping),SampleGen
4d1fbde2-97e5-4ed8-9117-c7bf1006c9b1,ACC-Camping-1506,CID-507,Receivable,Active,2025-01-01,,0.0,USD,Customer receivable account (Camping),SampleGen
ee2540b5-9a8e-4670-a158-0a712a23a0da,ACC-Camping-1507,CID-508,Receivable,Active,2025-01-01,,0.0,USD,Customer receivable account (Camping),SampleGen
2cbf722a-9549-47e1-b469-fb8b72be8483,ACC-Camping-1508,CID-509,Receivable,Active,2025-01-01,,0.0,USD,Customer receivable account (Camping),SampleGen
2f6b9eea-33d3-4d8f-81de-0b97dbbf23e9,ACC-Camping-1509,CID-510,Receivable,Active,2025-01-01,,0.0,USD,Customer receivable account (Camping),SampleGen
8446b4dc-7ea1-46a5-8b80-e8170899ee02,ACC-Camping-1510,CID-511,Receivable,Active,2025-01-01,,0.0,USD,Customer receivable account (Camping),SampleGen
6ff2c071-eacc-4cfa-8967-3e885daf77eb,ACC-Camping-1511,CID-512,Receivable,Active,2025-01-01,,0.0,USD,Customer receivable account (Camping),SampleGen
77f671d3-0398-4349-8a0f-ef07c10fd469,ACC-Camping-1512,CID-513,Receivable,Active,2025-01-01,,0.0,USD,Customer receivable account (Camping),SampleGen
